phi,label,score
0,Drawing,0.904111921787262
0,Sketch,0.8554063439369202
0,Illustration,0.8481147289276123
0,Duck,0.8195725083351135
0,Art,0.6772549152374268
0,Beak,0.6720882654190063
0,Water bird,0.6706973314285278
0,Bird,0.5731072425842285
0,Black-and-white,0.5640789866447449
0,"Ducks, geese and swans",0.5422998666763306
1,Drawing,0.8865323662757874
1,Illustration,0.8396783471107483
1,Sketch,0.8223191499710083
1,Beak,0.7218586206436157
1,Art,0.6772549152374268
1,Wildlife,0.5761504173278809
1,Black-and-white,0.5640789866447449
1,Bird,0.5422619581222534
1,Line art,0.5121908187866211
2,Bird,0.900457501411438
2,Duck,0.9002814888954163
2,Drawing,0.8952927589416504
2,Beak,0.8724517226219177
2,Sketch,0.8515863418579102
2,Illustration,0.8454303741455078
2,Flightless bird,0.8107343912124634
2,Water bird,0.775508463382721
2,Art,0.6946530342102051
2,Black-and-white,0.6834213137626648
3,Drawing,0.9149844646453857
3,Duck,0.893825113773346
3,Sketch,0.8652383089065552
3,Illustration,0.8555147051811218
3,Water bird,0.771203339099884
3,Beak,0.7256568670272827
3,Bird,0.720199704170227
3,Art,0.7088651061058044
3,Black-and-white,0.6834213137626648
3,"Ducks, geese and swans",0.6593785285949707
4,Drawing,0.9195052981376648
4,Sketch,0.8723104000091553
4,Illustration,0.8531486988067627
4,Duck,0.7128375768661499
4,Black-and-white,0.6834213137626648
4,Hand,0.6600293517112732
4,Art,0.655128538608551
4,Line art,0.641202986240387
4,Bird,0.5841992497444153
4,Water bird,0.5707064270973206
5,Drawing,0.8906058669090271
5,Sketch,0.8326247334480286
5,Illustration,0.829906702041626
5,Beak,0.7199515104293823
5,Art,0.655128538608551
5,Duck,0.6313126683235168
5,Bird,0.6230955123901367
5,Hare,0.592889666557312
6,Drawing,0.8760127425193787
6,Hare,0.8495686054229736
6,Sketch,0.8437027931213379
6,Illustration,0.8381522297859192
6,Snout,0.7342774271965027
6,Rabbit,0.6953182220458984
6,Black-and-white,0.6834213137626648
6,Art,0.655128538608551
6,Rabbits and Hares,0.6026948690414429
6,Beak,0.5080966949462891
7,Drawing,0.9082910418510437
7,Sketch,0.8757601976394653
7,Illustration,0.8531486988067627
7,Bird,0.823334813117981
7,Beak,0.8064273595809937
7,Art,0.6946530342102051
7,Black-and-white,0.6834213137626648
8,Hare,0.9075002074241638
8,Drawing,0.9069129824638367
8,Sketch,0.8868975043296814
8,Illustration,0.842621922492981
8,Rabbit,0.7845017313957214
8,Snout,0.7840312123298645
8,Black-and-white,0.7436744570732117
8,Art,0.6946530342102051
8,Rabbits and Hares,0.6810147166252136
8,Domestic rabbit,0.6650206446647644
9,Drawing,0.9019688367843628
9,Sketch,0.8825049996376038
9,Illustration,0.829906702041626
9,Hare,0.7811475992202759
9,Art,0.6253476738929749
9,Beak,0.6083094477653503
9,Rabbit,0.5053210854530334
10,Drawing,0.9123437404632568
10,Sketch,0.8944096565246582
10,Illustration,0.7932002544403076
10,Hare,0.6991597414016724
10,Black-and-white,0.6834213137626648
10,Art,0.6253476738929749
10,Beak,0.5683373808860779
10,Line art,0.5382013320922852
10,Rabbit,0.533717930316925
10,Artwork,0.5107235908508301
11,Hare,0.8990501165390015
11,Drawing,0.8921912908554077
11,Sketch,0.8579110503196716
11,Illustration,0.7723621129989624
11,Snout,0.7342774271965027
11,Hand,0.6969173550605774
11,Rabbit,0.6953182220458984
11,Black-and-white,0.6834213137626648
11,Art,0.6253476738929749
11,Rabbits and Hares,0.6063924431800842
12,Drawing,0.9034017324447632
12,Sketch,0.8933489918708801
12,Illustration,0.8204352259635925
12,Hand,0.6969173550605774
12,Art,0.6772549152374268
12,Black-and-white,0.5640789866447449
12,Bird,0.5551868677139282
13,Mountain Cottontail,0.9769052863121033
13,Hare,0.9352356195449829
13,Rabbit,0.8814327716827393
13,Drawing,0.8692909479141235
13,Sketch,0.8311896324157715
13,Rabbits and Hares,0.8240503668785095
13,Domestic rabbit,0.8227695822715759
13,Illustration,0.7438470125198364
13,Snout,0.7342774271965027
13,Hand,0.6600293517112732
14,Hare,0.9577335119247437
14,Rabbit,0.8968876004219055
14,Drawing,0.8906058669090271
14,Sketch,0.8591513633728027
14,Rabbits and Hares,0.8313504457473755
14,Domestic rabbit,0.8053427934646606
14,Illustration,0.7901084423065186
14,Snout,0.7342774271965027
14,Black-and-white,0.6834213137626648
14,Hand,0.6600293517112732
15,Hare,0.9616459608078003
15,Rabbit,0.9227629899978638
15,Drawing,0.8873602151870728
15,Domestic rabbit,0.8840745091438293
15,Rabbits and Hares,0.8839150071144104
15,Sketch,0.8463684320449829
15,Snout,0.7342774271965027
15,Illustration,0.7248833179473877
15,Black-and-white,0.6834213137626648
15,Ear,0.5822066068649292
16,Hare,0.9597035646438599
16,Rabbit,0.9072202444076538
16,Drawing,0.8856976628303528
16,Rabbits and Hares,0.8659530878067017
16,Sketch,0.8616085648536682
16,Domestic rabbit,0.7929191589355469
16,Illustration,0.7438470125198364
16,Snout,0.7342774271965027
16,Art,0.5813031792640686
16,Black-and-white,0.5640789866447449
17,Hare,0.9691485166549683
17,Rabbit,0.9115385413169861
17,Rabbits and Hares,0.8887146711349487
17,Drawing,0.8805356025695801
17,Domestic rabbit,0.8651980757713318
17,Sketch,0.8437027931213379
17,Illustration,0.7379721999168396
17,Snout,0.7342774271965027
17,Black-and-white,0.6834213137626648
17,Black tailed jackrabbit,0.6163585186004639
18,Hare,0.9673120379447937
18,Rabbit,0.9441512823104858
18,Rabbits and Hares,0.9138222336769104
18,Domestic rabbit,0.9042972326278687
18,Drawing,0.888995885848999
18,Sketch,0.8541415333747864
18,Snout,0.7840312123298645
18,Illustration,0.7593508362770081
18,Black-and-white,0.6834213137626648
18,Art,0.5813031792640686
19,Hare,0.954725444316864
19,Rabbit,0.9143831729888916
19,Drawing,0.9012458920478821
19,Sketch,0.885806679725647
19,Rabbits and Hares,0.8741945028305054
19,Black-and-white,0.7811979055404663
19,Domestic rabbit,0.7659644484519958
19,Illustration,0.7593508362770081
19,Snout,0.7342774271965027
19,Hand,0.6969173550605774
20,Mountain Cottontail,0.9769052863121033
20,Hare,0.9663841128349304
20,Rabbit,0.9322748184204102
20,Rabbits and Hares,0.9013529419898987
20,Domestic rabbit,0.8695890307426453
20,Drawing,0.8682894706726074
20,Sketch,0.8489958047866821
20,Snout,0.7342774271965027
20,Illustration,0.7095673680305481
20,Black-and-white,0.6834213137626648
21,Mountain Cottontail,0.9769052863121033
21,Hare,0.973629355430603
21,Rabbit,0.9480372667312622
21,Rabbits and Hares,0.9231203198432922
21,Domestic rabbit,0.8840745091438293
21,Drawing,0.8598524928092957
21,Sketch,0.8437027931213379
21,Snout,0.7342774271965027
21,Illustration,0.7175435423851013
21,Black tailed jackrabbit,0.7010645866394043
22,Hare,0.9537084102630615
22,Rabbit,0.926872193813324
22,Rabbits and Hares,0.8839150071144104
22,Drawing,0.8702816367149353
22,Domestic rabbit,0.8629586100578308
22,Sketch,0.8326247334480286
22,Snout,0.7342774271965027
22,Illustration,0.7175435423851013
22,Black tailed jackrabbit,0.6953787207603455
22,brown hare,0.5922989249229431
23,Mountain Cottontail,0.9769052863121033
23,Hare,0.9700572490692139
23,Rabbit,0.9608055949211121
23,Rabbits and Hares,0.9339848756790161
23,Domestic rabbit,0.9202943444252014
23,Drawing,0.8692909479141235
23,Sketch,0.8368605971336365
23,Black tailed jackrabbit,0.7585867643356323
23,Snout,0.7342774271965027
23,Illustration,0.7248833179473877
24,Hare,0.9654497504234314
24,Rabbit,0.9506112933158875
24,Rabbits and Hares,0.9200226664543152
24,Domestic rabbit,0.9059940576553345
24,Drawing,0.8722315430641174
24,Sketch,0.8326247334480286
24,Illustration,0.7593508362770081
24,Black-and-white,0.7436744570732117
24,Snout,0.7342774271965027
24,wood rabbit,0.5899665355682373
25,Hare,0.9771028757095337
25,Mountain Cottontail,0.9769052863121033
25,Rabbit,0.9683968424797058
25,Rabbits and Hares,0.9513756632804871
25,Domestic rabbit,0.9418267011642456
25,Drawing,0.904111921787262
25,Sketch,0.873466432094574
25,Illustration,0.7639288306236267
25,Snout,0.7342774271965027
25,Black tailed jackrabbit,0.7265044450759888
26,Hare,0.9691485166549683
26,Rabbit,0.9415420889854431
26,Rabbits and Hares,0.9107158780097961
26,Drawing,0.8960543870925903
26,Domestic rabbit,0.8879731893539429
26,Sketch,0.8711481094360352
26,Snout,0.7840312123298645
26,Black-and-white,0.7436744570732117
26,Illustration,0.7316700220108032
26,wood rabbit,0.6025974750518799
27,Hare,0.949566125869751
27,Rabbit,0.926872193813324
27,Domestic rabbit,0.8860366940498352
27,Drawing,0.8750816583633423
27,Rabbits and Hares,0.8692662715911865
27,Sketch,0.8354599475860596
27,Black-and-white,0.7436744570732117
27,Illustration,0.7379721999168396
27,Snout,0.7342774271965027
27,wood rabbit,0.6067000031471252
28,Mountain Cottontail,0.9697958827018738
28,Hare,0.954725444316864
28,Rabbit,0.9322748184204102
28,Domestic rabbit,0.9109517931938171
28,Rabbits and Hares,0.9107158780097961
28,Drawing,0.8598524928092957
28,Sketch,0.8409972786903381
28,Snout,0.7342774271965027
28,Illustration,0.7008524537086487
28,Black-and-white,0.6834213137626648
29,Hare,0.9771028757095337
29,Rabbit,0.9658669829368591
29,Domestic rabbit,0.9465146064758301
29,Rabbits and Hares,0.9449751377105713
29,Drawing,0.9103320240974426
29,Sketch,0.8676224946975708
29,Snout,0.7840312123298645
29,Black-and-white,0.7811979055404663
29,Illustration,0.7593508362770081
29,Mountain Cottontail,0.7379544973373413
30,Hare,0.9745069146156311
30,Rabbit,0.9633374810218811
30,Rabbits and Hares,0.9465644955635071
30,Domestic rabbit,0.9342929720878601
30,Drawing,0.8968108296394348
30,Sketch,0.8780305981636047
30,Snout,0.7840312123298645
30,Illustration,0.7799686789512634
30,Black-and-white,0.7436744570732117
30,Art,0.6253476738929749
31,Hare,0.9753783345222473
31,Rabbit,0.9595379829406738
31,Rabbits and Hares,0.9402403831481934
31,Domestic rabbit,0.9187885522842407
31,Drawing,0.8983084559440613
31,Sketch,0.8566627502441406
31,Snout,0.7840312123298645
31,Black-and-white,0.7811979055404663
31,Illustration,0.7316700220108032
31,Ear,0.6655469536781311
32,Hare,0.9804788827896118
32,Rabbit,0.973471462726593
32,Rabbits and Hares,0.9612792134284973
32,Domestic rabbit,0.9187885522842407
32,Drawing,0.904111921787262
32,Sketch,0.8502956032752991
32,Illustration,0.7932002544403076
32,Snout,0.7840312123298645
32,Black-and-white,0.7436744570732117
32,Line art,0.633745551109314
33,Hare,0.9771028757095337
33,Mountain Cottontail,0.9767372012138367
33,Rabbit,0.96207195520401
33,Rabbits and Hares,0.943391740322113
33,Domestic rabbit,0.9232462644577026
33,Drawing,0.883150577545166
33,Sketch,0.8489958047866821
33,Illustration,0.7593508362770081
33,Snout,0.7342774271965027
33,Black tailed jackrabbit,0.6894744038581848
34,Hare,0.9796440601348877
34,Rabbit,0.9760252833366394
34,Rabbits and Hares,0.9629822373390198
34,Domestic rabbit,0.9581223130226135
34,Drawing,0.9089747667312622
34,Sketch,0.8688043355941772
34,Snout,0.7840312123298645
34,Black-and-white,0.7811979055404663
34,Illustration,0.7593508362770081
34,Line art,0.669398844242096
35,Hare,0.9779559969902039
35,Mountain Cottontail,0.9769052863121033
35,Rabbit,0.9747464060783386
35,Rabbits and Hares,0.9579249024391174
35,Domestic rabbit,0.9406136870384216
35,Drawing,0.9076038002967834
35,Sketch,0.8640356659889221
35,Black-and-white,0.7811979055404663
35,Black tailed jackrabbit,0.7354268431663513
35,Snout,0.7342774271965027
36,Hare,0.9779559969902039
36,Mountain Cottontail,0.9769052863121033
36,Rabbit,0.9760252833366394
36,Rabbits and Hares,0.9595940709114075
36,Domestic rabbit,0.9541114568710327
36,Drawing,0.9012458920478821
36,Sketch,0.8688043355941772
36,Illustration,0.7544986605644226
36,wood rabbit,0.7518823742866516
36,Black-and-white,0.7436744570732117
37,Hare,0.9813075065612793
37,Rabbit,0.9773088693618774
37,Rabbits and Hares,0.9647055864334106
37,Domestic rabbit,0.9571413993835449
37,Drawing,0.9034017324447632
37,Sketch,0.845040500164032
37,Black-and-white,0.7811979055404663
37,Snout,0.7342774271965027
37,Illustration,0.7175435423851013
37,Line art,0.6889951825141907
38,Hare,0.9779559969902039
38,Mountain Cottontail,0.9769052863121033
38,Rabbit,0.973471462726593
38,Rabbits and Hares,0.9546274542808533
38,Domestic rabbit,0.9418267011642456
38,Drawing,0.9055202007293701
38,Sketch,0.8711481094360352
38,Snout,0.7840312123298645
38,Black tailed jackrabbit,0.743715763092041
38,Illustration,0.7095673680305481
39,Mountain Cottontail,0.9769052863121033
39,Hare,0.9691485166549683
39,Rabbit,0.9569982290267944
39,Domestic rabbit,0.9442031979560852
39,Rabbits and Hares,0.9308735728263855
39,Drawing,0.8702816367149353
39,Sketch,0.8368605971336365
39,Snout,0.7840312123298645
39,Black tailed jackrabbit,0.7065404653549194
39,Black-and-white,0.6834213137626648
40,Hare,0.9727456569671631
40,Rabbit,0.9721996784210205
40,Domestic rabbit,0.9609794020652771
40,Rabbits and Hares,0.9513756632804871
40,Drawing,0.9149844646453857
40,Sketch,0.8901426196098328
40,Snout,0.7840312123298645
40,Black-and-white,0.7811979055404663
40,Line art,0.7247785329818726
40,wood rabbit,0.7234273552894592
41,Rabbit,0.979894757270813
41,Hare,0.9753783345222473
41,Rabbits and Hares,0.9629822373390198
41,Domestic rabbit,0.9561460614204407
41,Drawing,0.9226685166358948
41,Sketch,0.8813943862915039
41,Snout,0.7840312123298645
41,Black-and-white,0.7811979055404663
41,Illustration,0.7095673680305481
41,wood rabbit,0.7065120935440063
42,Mountain Cottontail,0.9769052863121033
42,Hare,0.9526839852333069
42,Rabbit,0.9415420889854431
42,Domestic rabbit,0.9076685309410095
42,Rabbits and Hares,0.8997841477394104
42,Drawing,0.8760127425193787
42,Sketch,0.8192569613456726
42,Snout,0.7342774271965027
42,Black tailed jackrabbit,0.7118145823478699
42,Illustration,0.6912711262702942
43,Hare,0.9718557596206665
43,Rabbit,0.9696629047393799
43,Rabbits and Hares,0.9465644955635071
43,Domestic rabbit,0.9453669190406799
43,Drawing,0.915637731552124
43,Sketch,0.8652383089065552
43,Snout,0.7840312123298645
43,Black-and-white,0.7436744570732117
43,Illustration,0.6912711262702942
43,Line art,0.6625825762748718
44,Hare,0.9700572490692139
44,Rabbit,0.9658669829368591
44,Rabbits and Hares,0.943391740322113
44,Domestic rabbit,0.9261202812194824
44,Drawing,0.913669764995575
44,Sketch,0.8922843337059021
44,Line art,0.8431297540664673
44,Snout,0.8251876831054688
44,Illustration,0.7248833179473877
44,wood rabbit,0.6107503771781921
45,Rabbit,0.9825149178504944
45,Hare,0.9779559969902039
45,Mountain Cottontail,0.9769052863121033
45,Rabbits and Hares,0.9700296521186829
45,Domestic rabbit,0.9679903388023376
45,Drawing,0.8906058669090271
45,Sketch,0.8515863418579102
45,Snout,0.8251876831054688
45,wood rabbit,0.7494211792945862
45,Line art,0.7044222354888916
46,Rabbit,0.9811996817588806
46,Hare,0.9796440601348877
46,Domestic rabbit,0.9794949293136597
46,Mountain Cottontail,0.9769052863121033
46,Rabbits and Hares,0.968225359916687
46,Drawing,0.9076038002967834
46,Sketch,0.86643385887146
46,Snout,0.8367116451263428
46,Black-and-white,0.7436744570732117
46,Line art,0.7162227630615234
47,Rabbit,0.9838427305221558
47,Domestic rabbit,0.9801051616668701
47,Hare,0.9796440601348877
47,Mountain Cottontail,0.9769052863121033
47,Rabbits and Hares,0.9700296521186829
47,Drawing,0.9214090704917908
47,Sketch,0.8825049996376038
47,Snout,0.8367116451263428
47,Black-and-white,0.7436744570732117
47,Illustration,0.7175435423851013
48,Hare,0.9788030982017517
48,Rabbit,0.9785982966423035
48,Domestic rabbit,0.9775873422622681
48,Mountain Cottontail,0.9769052863121033
48,Rabbits and Hares,0.9629822373390198
48,Drawing,0.9034017324447632
48,Sketch,0.8566627502441406
48,Snout,0.8526162505149841
48,Illustration,0.7438470125198364
48,wood rabbit,0.7006319165229797
49,Hare,0.9645087718963623
49,Rabbit,0.9595379829406738
49,Domestic rabbit,0.9476463794708252
49,Rabbits and Hares,0.9246693849563599
49,Drawing,0.8856976628303528
49,Snout,0.8526162505149841
49,Sketch,0.826811671257019
49,Illustration,0.7248833179473877
49,Black-and-white,0.6834213137626648
49,Line art,0.6793519854545593
50,Hare,0.9293421506881714
50,Rabbit,0.9057666659355164
50,Domestic rabbit,0.8990700244903564
50,Rabbits and Hares,0.8676125407218933
50,Drawing,0.8609514236450195
50,Sketch,0.7906739115715027
50,Snout,0.7342774271965027
50,Illustration,0.7175435423851013
50,Line art,0.7133157253265381
50,Black-and-white,0.6834213137626648
51,Hare,0.8640903234481812
51,Drawing,0.8428384065628052
51,Sketch,0.7869599461555481
51,Snout,0.7840312123298645
51,Rabbit,0.7283906936645508
51,Line art,0.7247785329818726
51,Domestic rabbit,0.6795215010643005
51,Illustration,0.6225569844245911
51,Rabbits and Hares,0.6026948690414429
51,Black-and-white,0.5640789866447449
52,Drawing,0.8048377633094788
52,Line art,0.7103802561759949
52,Sketch,0.6827123761177063
52,Illustration,0.5765818953514099
52,Black-and-white,0.5640789866447449
53,Drawing,0.8006102442741394
53,Sketch,0.6995635032653809
53,Line art,0.666009247303009
53,Illustration,0.6017356514930725
53,Black-and-white,0.5640789866447449
54,Hare,0.9779559969902039
54,Domestic rabbit,0.9711754322052002
54,Rabbit,0.9683968424797058
54,Rabbits and Hares,0.9465644955635071
54,Snout,0.8923015594482422
54,Drawing,0.888995885848999
54,Nose,0.8419631719589233
54,Sketch,0.814556896686554
54,Line art,0.7832168340682983
54,Black-and-white,0.7811979055404663
55,Rabbit,0.979894757270813
55,Hare,0.9796440601348877
55,Domestic rabbit,0.9782359600067139
55,Rabbits and Hares,0.9647055864334106
55,Snout,0.890667200088501
55,Drawing,0.8906058669090271
55,Sketch,0.8489958047866821
55,Black-and-white,0.7811979055404663
55,wood rabbit,0.7614942193031311
55,Illustration,0.7438470125198364
56,Hare,0.9526839852333069
56,Rabbit,0.9072202444076538
56,Domestic rabbit,0.8800715804100037
56,Drawing,0.8553162813186646
56,Snout,0.8526162505149841
56,Rabbits and Hares,0.8420430421829224
56,Sketch,0.7670003771781921
56,Black-and-white,0.7436744570732117
56,Illustration,0.7095673680305481
56,Line art,0.633745551109314
57,Hare,0.9771028757095337
57,Domestic rabbit,0.9734278917312622
57,Rabbit,0.9696629047393799
57,Rabbits and Hares,0.9449751377105713
57,Drawing,0.8865323662757874
57,Snout,0.8714092969894409
57,Sketch,0.8282833695411682
57,Black-and-white,0.8265277147293091
57,wood rabbit,0.7444265484809875
57,Line art,0.7191019654273987
58,Hare,0.862333357334137
58,Snout,0.8251876831054688
58,Drawing,0.8146051168441772
58,Sketch,0.7392742037773132
58,Rabbit,0.716814398765564
58,Line art,0.7103802561759949
58,Black-and-white,0.6834213137626648
58,Domestic rabbit,0.6499131917953491
58,Illustration,0.6225569844245911
58,Rabbits and Hares,0.6207516193389893
59,Drawing,0.7915089130401611
59,Snout,0.7342774271965027
59,Sketch,0.693024754524231
59,Illustration,0.6225569844245911
59,Hare,0.5665541887283325
59,Black-and-white,0.5640789866447449
59,Line art,0.5175482034683228
60,Drawing,0.8313954472541809
60,Snout,0.8091163635253906
60,Rabbit,0.7935464382171631
60,Hare,0.7887765169143677
60,Sketch,0.7648624777793884
60,Illustration,0.7248833179473877
60,Black-and-white,0.6834213137626648
60,Line art,0.6625825762748718
60,Rabbits and Hares,0.6172245740890503
60,Domestic rabbit,0.5948631763458252
61,Drawing,0.7381006479263306
61,Sketch,0.6290342211723328
61,Black-and-white,0.5640789866447449
61,Illustration,0.5040763020515442
62,Snout,0.8251876831054688
62,Drawing,0.8006102442741394
62,Hare,0.7262887358665466
62,Sketch,0.6963261365890503
62,Black-and-white,0.6834213137626648
62,Illustration,0.6402102112770081
62,Line art,0.610283613204956
62,Rabbit,0.5839642882347107
62,Monochrome,0.5442906022071838
62,Domestic rabbit,0.5182974934577942
63,Drawing,0.8387206792831421
63,Snout,0.8251876831054688
63,Hare,0.7678558826446533
63,Sketch,0.746661901473999
63,Line art,0.7162227630615234
63,Rabbit,0.6984918713569641
63,Black-and-white,0.6834213137626648
63,Illustration,0.6688148975372314
63,Domestic rabbit,0.6007093191146851
63,Monochrome,0.5442906022071838
64,Drawing,0.7938714623451233
64,Snout,0.7840312123298645
64,Sketch,0.7206135392189026
64,Hare,0.7197594046592712
64,Black-and-white,0.6834213137626648
64,Illustration,0.6806615591049194
64,Rabbit,0.6390898823738098
64,Monochrome,0.5442906022071838
64,Line art,0.5280261039733887
64,Art,0.502187192440033
65,Drawing,0.8088743686676025
65,Sketch,0.7582741975784302
65,Illustration,0.6554555892944336
65,Line art,0.633745551109314
65,Black-and-white,0.5640789866447449
66,Black-and-white,0.7436744570732117
66,Snout,0.7342774271965027
66,Drawing,0.7338131070137024
66,Illustration,0.6912711262702942
66,Sketch,0.5914958119392395
67,Hare,0.8824079632759094
67,Drawing,0.7890833616256714
67,Snout,0.7840312123298645
67,Black-and-white,0.7436744570732117
67,Rabbit,0.6984918713569641
67,Sketch,0.6827123761177063
67,Illustration,0.6688148975372314
67,Line art,0.610283613204956
67,Monochrome,0.6010186672210693
67,Rabbits and Hares,0.5795217752456665
68,Drawing,0.7700396180152893
68,Font,0.6857237815856934
68,Black-and-white,0.6834213137626648
68,Illustration,0.6554555892944336
68,Sketch,0.6516923308372498
68,Line art,0.5761554837226868
68,Monochrome,0.5442906022071838
68,Ink,0.5056748390197754
68,Art,0.502187192440033
69,Drawing,0.7422115206718445
69,Sketch,0.6754698753356934
69,Line art,0.6261114478111267
69,Illustration,0.5765818953514099
69,Black-and-white,0.5640789866447449
70,Drawing,0.7915089130401611
70,Line art,0.7044222354888916
70,Sketch,0.7027392387390137
70,Illustration,0.7008524537086487
70,Black-and-white,0.6834213137626648
70,Ink,0.5210356116294861
71,Drawing,0.7293345928192139
71,Line art,0.6889951825141907
71,Sketch,0.6338061094284058
71,Illustration,0.5765818953514099
71,Black-and-white,0.5640789866447449
72,Drawing,0.7197385430335999
72,Font,0.6857237815856934
72,Sketch,0.6190864443778992
72,Illustration,0.5765818953514099
72,Black-and-white,0.5640789866447449
72,Line art,0.5331505537033081
73,Drawing,0.7338131070137024
73,Font,0.6857237815856934
73,Sketch,0.663992702960968
73,Illustration,0.6225569844245911
73,Line art,0.6062042713165283
73,Black-and-white,0.5640789866447449
73,Monochrome,0.5442906022071838
74,Drawing,0.7338131070137024
74,Font,0.6857237815856934
74,Black-and-white,0.6834213137626648
74,Sketch,0.663992702960968
74,Line art,0.6625825762748718
74,Illustration,0.6017356514930725
74,Graphics,0.5272958874702454
75,Drawing,0.7293345928192139
75,Sketch,0.6338061094284058
75,Line art,0.5670532584190369
75,Black-and-white,0.5640789866447449
75,Illustration,0.5451834201812744
76,Drawing,0.7381006479263306
76,Font,0.6857237815856934
76,Sketch,0.6429780721664429
76,Illustration,0.6402102112770081
76,Black-and-white,0.5640789866447449
77,Drawing,0.7669718265533447
77,Black-and-white,0.7436744570732117
77,Font,0.6857237815856934
77,Sketch,0.6679047346115112
77,Illustration,0.6554555892944336
77,Line art,0.6520728468894958
77,Monochrome,0.5442906022071838
77,Graphics,0.5036579966545105
77,Art,0.502187192440033
78,Drawing,0.7461584806442261
78,Line art,0.669398844242096
78,Sketch,0.6473897099494934
78,Illustration,0.6402102112770081
78,Black-and-white,0.5640789866447449
79,Black-and-white,0.8072261214256287
79,Drawing,0.7938714623451233
79,Illustration,0.7493422031402588
79,Line art,0.7438330054283142
79,Snout,0.7342774271965027
79,Sketch,0.7058554887771606
79,Monochrome,0.6431529521942139
79,Ink,0.5484297871589661
79,Style,0.5095184445381165
79,Art,0.502187192440033
80,Drawing,0.8027489185333252
80,Eye,0.7586227655410767
80,Line art,0.7541915774345398
80,Sketch,0.7119176983833313
80,Black-and-white,0.6834213137626648
80,Illustration,0.6225569844245911
81,Drawing,0.7730106115341187
81,Line art,0.766642153263092
81,Sketch,0.6679047346115112
81,Illustration,0.6554555892944336
81,Black-and-white,0.5640789866447449
82,Drawing,0.7786838412284851
82,Line art,0.761725902557373
82,Sketch,0.6791298389434814
82,Hand,0.6600293517112732
82,Illustration,0.5765818953514099
82,Black-and-white,0.5640789866447449
82,Gesture,0.5173180103302002
83,Drawing,0.7915089130401611
83,Line art,0.7330954670906067
83,Sketch,0.6995635032653809
83,Illustration,0.5765818953514099
83,Black-and-white,0.5640789866447449
84,Line art,0.7809068560600281
84,Drawing,0.7758903503417969
84,Eye,0.7586227655410767
84,Sketch,0.6791298389434814
84,Illustration,0.6402102112770081
84,Black-and-white,0.5640789866447449
85,Drawing,0.8401148915290833
85,Sketch,0.7605001926422119
85,Line art,0.7490581274032593
85,Illustration,0.6912711262702942
85,Hand,0.6600293517112732
85,Black-and-white,0.5640789866447449
85,Artwork,0.5229488015174866
85,Gesture,0.5173180103302002
86,Drawing,0.8027489185333252
86,Line art,0.7358167171478271
86,Sketch,0.7027392387390137
86,Illustration,0.6806615591049194
86,Plant,0.585474967956543
86,Black-and-white,0.5640789866447449
87,Hare,0.9207014441490173
87,Domestic rabbit,0.8990700244903564
87,Rabbit,0.8249280452728271
87,Drawing,0.8182293772697449
87,Snout,0.7840312123298645
87,Rabbits and Hares,0.718863844871521
87,Line art,0.7162227630615234
87,Sketch,0.7148675322532654
87,Illustration,0.6912711262702942
87,Black-and-white,0.6834213137626648
88,Drawing,0.7961740493774414
88,Line art,0.769069254398346
88,Snout,0.7342774271965027
88,Hare,0.7164334654808044
88,Black-and-white,0.6834213137626648
88,Illustration,0.6806615591049194
88,Sketch,0.6754698753356934
88,Rabbit,0.5648083686828613
88,Ear,0.5123199820518494
89,Drawing,0.8164358735084534
89,Line art,0.7809068560600281
89,Illustration,0.7316700220108032
89,Sketch,0.7119176983833313
89,Black-and-white,0.6834213137626648
89,Hare,0.6399408578872681
89,Gesture,0.5173180103302002
90,Line art,0.8540809750556946
90,Hare,0.837934672832489
90,Drawing,0.8164358735084534
90,Rabbit,0.8022900819778442
90,Domestic rabbit,0.7694956660270691
90,Black-and-white,0.7436744570732117
90,Snout,0.7342774271965027
90,Illustration,0.7095673680305481
90,Sketch,0.7058554887771606
90,Rabbits and Hares,0.6507852673530579
91,Hare,0.9061206579208374
91,Line art,0.8813744187355042
91,Rabbit,0.8717197179794312
91,Drawing,0.8692909479141235
91,Domestic rabbit,0.8227695822715759
91,Sketch,0.7888275384902954
91,Snout,0.7840312123298645
91,Black-and-white,0.7811979055404663
91,Illustration,0.7639288306236267
91,Rabbits and Hares,0.7571075558662415
92,Hare,0.918144702911377
92,Domestic rabbit,0.8936314582824707
92,Drawing,0.8906058669090271
92,Rabbit,0.8892686367034912
92,Line art,0.8393826484680176
92,Black-and-white,0.8265277147293091
92,Sketch,0.8223191499710083
92,Snout,0.8091163635253906
92,Rabbits and Hares,0.8089937567710876
92,Illustration,0.7762597799301147
93,Drawing,0.828284502029419
93,Eye,0.7586227655410767
93,Black-and-white,0.7436744570732117
93,Line art,0.7330954670906067
93,Illustration,0.7316700220108032
93,Sketch,0.7089143395423889
93,Hare,0.665086567401886
93,Domestic rabbit,0.5948631763458252
93,Rabbit,0.5839642882347107
93,Monochrome,0.5442906022071838
94,Drawing,0.8576133251190186
94,Eye,0.7586227655410767
94,Sketch,0.7417742013931274
94,Line art,0.7162227630615234
94,Black-and-white,0.6834213137626648
94,Illustration,0.6688148975372314
94,Ear,0.5822066068649292
94,Hare,0.5610336661338806
95,Drawing,0.8692909479141235
95,Eye,0.7586227655410767
95,Sketch,0.7514069080352783
95,Line art,0.7103802561759949
95,Illustration,0.7008524537086487
95,Black-and-white,0.6834213137626648
95,Artwork,0.5107235908508301
96,Drawing,0.8553162813186646
96,Eye,0.7586227655410767
96,Black-and-white,0.7436744570732117
96,Sketch,0.7417742013931274
96,Line art,0.7044222354888916
96,Illustration,0.6912711262702942
96,Ink,0.5484297871589661
97,Drawing,0.8401148915290833
97,Eye,0.7865645289421082
97,Sketch,0.7261655926704407
97,Illustration,0.6402102112770081
97,Line art,0.614313006401062
97,Black-and-white,0.5640789866447449
97,Ear,0.5123199820518494
97,Hare,0.5005422830581665
98,Drawing,0.8454797267913818
98,Line art,0.7438330054283142
98,Black-and-white,0.7436744570732117
98,Sketch,0.731535792350769
98,Illustration,0.6688148975372314
98,Hare,0.6310743093490601
98,Ear,0.5123199820518494
99,Hare,0.8476756811141968
99,Drawing,0.8199871778488159
99,Eye,0.7586227655410767
99,Snout,0.7342774271965027
99,Rabbit,0.716814398765564
99,Sketch,0.693024754524231
99,Line art,0.6625825762748718
99,Illustration,0.6554555892944336
99,Domestic rabbit,0.644738495349884
99,Ear,0.5822066068649292
100,Hare,0.8256011605262756
100,Drawing,0.8250590562820435
100,Rabbit,0.7475425004959106
100,Sketch,0.7392742037773132
100,Snout,0.7342774271965027
100,Illustration,0.7095673680305481
100,Domestic rabbit,0.7024060487747192
100,Black-and-white,0.6834213137626648
100,Line art,0.6556150913238525
100,Rabbits and Hares,0.6242384910583496
101,Drawing,0.844169020652771
101,Eye,0.7865645289421082
101,Line art,0.7330954670906067
101,Sketch,0.7261655926704407
101,Illustration,0.7095673680305481
101,Black-and-white,0.5640789866447449
101,Ear,0.5123199820518494
102,Drawing,0.8564721941947937
102,Sketch,0.753728449344635
102,Illustration,0.7438470125198364
102,Hand,0.6969173550605774
102,Line art,0.5978914499282837
102,Gesture,0.585419237613678
102,Black-and-white,0.5640789866447449
103,Drawing,0.8428384065628052
103,Eye,0.7586227655410767
103,Sketch,0.75601726770401
103,Line art,0.7219536900520325
103,Hand,0.6600293517112732
103,Illustration,0.6402102112770081
103,Black-and-white,0.5640789866447449
103,Gesture,0.5173180103302002
104,Hare,0.8438353538513184
104,Drawing,0.8006102442741394
104,Eye,0.7586227655410767
104,Snout,0.7342774271965027
104,Illustration,0.7248833179473877
104,Rabbit,0.688862144947052
104,Sketch,0.6754698753356934
104,Line art,0.6591180562973022
104,Ear,0.6300452351570129
104,Black-and-white,0.5640789866447449
105,Hare,0.845764696598053
105,Drawing,0.8217105269432068
105,Snout,0.7342774271965027
105,Illustration,0.7248833179473877
105,Sketch,0.7119176983833313
105,Rabbit,0.7078032493591309
105,Black-and-white,0.6834213137626648
105,Rabbits and Hares,0.6344661712646484
105,Line art,0.633745551109314
105,Domestic rabbit,0.5829328894615173
106,Hare,0.9232183694839478
106,Drawing,0.8182293772697449
106,Rabbit,0.804431140422821
106,Snout,0.7840312123298645
106,Rabbits and Hares,0.7264016270637512
106,Illustration,0.7248833179473877
106,Sketch,0.6896571516990662
106,Line art,0.6889951825141907
106,Domestic rabbit,0.6842244863510132
106,Black-and-white,0.6834213137626648
107,Hare,0.8916784524917603
107,Drawing,0.832910418510437
107,Rabbit,0.7913141846656799
107,Illustration,0.7438470125198364
107,Snout,0.7342774271965027
107,Line art,0.7247785329818726
107,Sketch,0.7206135392189026
107,Rabbits and Hares,0.6722564697265625
107,Domestic rabbit,0.6341751217842102
107,Ear,0.5822066068649292
108,Hare,0.9219648838043213
108,Drawing,0.828284502029419
108,Rabbit,0.7845017313957214
108,Snout,0.7342774271965027
108,Line art,0.7303489446640015
108,Illustration,0.7248833179473877
108,Sketch,0.7177655696868896
108,Rabbits and Hares,0.7005233764648438
108,Ear,0.6932718753814697
108,Domestic rabbit,0.6699205040931702
109,Drawing,0.8343995213508606
109,Line art,0.761725902557373
109,Sketch,0.75601726770401
109,Illustration,0.7095673680305481
109,Hare,0.6882500052452087
109,Ear,0.5822066068649292
109,Black-and-white,0.5640789866447449
110,Hare,0.9329050183296204
110,Drawing,0.8234007358551025
110,Rabbit,0.7867922186851501
110,Line art,0.7641944289207458
110,Illustration,0.7438470125198364
110,Sketch,0.7392742037773132
110,Snout,0.7342774271965027
110,Rabbits and Hares,0.731326699256897
110,Ear,0.6300452351570129
110,Black-and-white,0.5640789866447449
111,Drawing,0.8234007358551025
111,Hare,0.7937259674072266
111,Sketch,0.7514069080352783
111,Snout,0.7342774271965027
111,Illustration,0.7008524537086487
111,Ear,0.6300452351570129
111,Line art,0.5850194096565247
111,Black-and-white,0.5640789866447449
111,Rabbit,0.533717930316925
111,Gesture,0.5173180103302002
112,Drawing,0.8343995213508606
112,Sketch,0.7605001926422119
112,Hand,0.6969173550605774
112,Illustration,0.6688148975372314
112,Gesture,0.6235496997833252
112,Line art,0.6020739674568176
112,Black-and-white,0.5640789866447449
113,Drawing,0.852958083152771
113,Sketch,0.8129605054855347
113,Hand,0.7216579914093018
113,Illustration,0.6688148975372314
113,Gesture,0.6495715975761414
113,Line art,0.5806165337562561
113,Black-and-white,0.5640789866447449
114,Drawing,0.8598524928092957
114,Sketch,0.7924997210502625
114,Hand,0.7216579914093018
114,Illustration,0.7175435423851013
114,Black-and-white,0.6834213137626648
114,Hare,0.6807345747947693
114,Line art,0.666009247303009
114,Gesture,0.6376084685325623
114,Artwork,0.5107235908508301
115,Drawing,0.8576133251190186
115,Sketch,0.7943053245544434
115,Illustration,0.7682583928108215
115,Hare,0.6919341087341309
115,Black-and-white,0.6834213137626648
115,Hand,0.6600293517112732
115,Gesture,0.5575108528137207
115,Artwork,0.5107235908508301
115,Art,0.502187192440033
116,Drawing,0.8387206792831421
116,Sketch,0.8207949995994568
116,Eye,0.7586227655410767
116,Illustration,0.7248833179473877
116,Black-and-white,0.5640789866447449
117,Drawing,0.8234007358551025
117,Hand,0.8143068552017212
117,Sketch,0.797857940196991
117,Gesture,0.7130264639854431
117,Illustration,0.6017356514930725
117,Black-and-white,0.5640789866447449
118,Drawing,0.8553162813186646
118,Sketch,0.8064176440238953
118,Hand,0.7216579914093018
118,Illustration,0.7175435423851013
118,Gesture,0.585419237613678
118,Line art,0.5806165337562561
118,Black-and-white,0.5640789866447449
119,Drawing,0.8787521123886108
119,Sketch,0.8437027931213379
119,Hand,0.7399766445159912
119,Illustration,0.7316700220108032
119,Gesture,0.6065987944602966
119,Black-and-white,0.5640789866447449
119,Line art,0.5624093413352966
119,Artwork,0.5107235908508301
119,Art,0.502187192440033
120,Drawing,0.8731912970542908
120,Sketch,0.8489958047866821
120,Illustration,0.7175435423851013
120,Hand,0.6600293517112732
120,Black-and-white,0.5640789866447449
120,Gesture,0.5173180103302002
121,Drawing,0.8682894706726074
121,Sketch,0.8528682589530945
121,Hand,0.7661135196685791
121,Gesture,0.6235496997833252
121,Illustration,0.6225569844245911
121,Black-and-white,0.5640789866447449
122,Drawing,0.837303876876831
122,Sketch,0.8368605971336365
122,Hand,0.6969173550605774
122,Illustration,0.6912711262702942
122,Gesture,0.5575108528137207
123,Drawing,0.8454797267913818
123,Sketch,0.8368605971336365
123,Hand,0.7543627619743347
123,Illustration,0.6806615591049194
123,Black-and-white,0.5640789866447449
123,Gesture,0.5575108528137207
124,Hand,0.8332167863845825
124,Drawing,0.8127357363700867
124,Sketch,0.8113487362861633
124,Gesture,0.6845905780792236
124,Illustration,0.5765818953514099
125,Sketch,0.8591513633728027
125,Drawing,0.8553162813186646
125,Hand,0.7661135196685791
125,Illustration,0.6688148975372314
125,Gesture,0.585419237613678
126,Drawing,0.8313954472541809
126,Sketch,0.8030468821525574
126,Hand,0.6969173550605774
126,Illustration,0.6912711262702942
126,Gesture,0.5173180103302002
127,Drawing,0.849298357963562
127,Sketch,0.8253272175788879
127,Hand,0.7844588160514832
127,Gesture,0.6495715975761414
127,Illustration,0.6402102112770081
127,Line art,0.5480886101722717
128,Drawing,0.8662528395652771
128,Sketch,0.8515863418579102
128,Hand,0.7759860754013062
128,Illustration,0.7095673680305481
128,Gesture,0.6495715975761414
128,Black-and-white,0.5640789866447449
128,Artwork,0.5107235908508301
128,Art,0.502187192440033
129,Drawing,0.884006917476654
129,Sketch,0.8813943862915039
129,Hand,0.7983900308609009
129,Eye,0.7586227655410767
129,Illustration,0.7316700220108032
129,Gesture,0.6235496997833252
129,Art,0.502187192440033
130,Drawing,0.8760127425193787
130,Sketch,0.873466432094574
130,Illustration,0.7316700220108032
130,Hand,0.6969173550605774
130,Gesture,0.5575108528137207
130,Line art,0.5121908187866211
130,Art,0.502187192440033
131,Drawing,0.8865323662757874
131,Sketch,0.8836105465888977
131,Eye,0.7586227655410767
131,Illustration,0.7544986605644226
131,Hand,0.6969173550605774
131,Black-and-white,0.5640789866447449
131,Gesture,0.5173180103302002
131,Artwork,0.5107235908508301
132,Drawing,0.862036943435669
132,Sketch,0.8382502198219299
132,Hand,0.8042354583740234
132,Eye,0.7586227655410767
132,Gesture,0.6495715975761414
132,Illustration,0.6225569844245911
132,Line art,0.5670532584190369
133,Drawing,0.8387206792831421
133,Hand,0.8264861106872559
133,Sketch,0.7906739115715027
133,Gesture,0.6599507927894592
133,Illustration,0.6402102112770081
134,Drawing,0.8662528395652771
134,Sketch,0.8423551321029663
134,Hand,0.8299670219421387
134,Eye,0.7586227655410767
134,Gesture,0.6599507927894592
134,Illustration,0.6402102112770081
134,Black-and-white,0.5640789866447449
135,Drawing,0.8914015889167786
135,Sketch,0.873466432094574
135,Hand,0.8227426409721375
135,Illustration,0.7095673680305481
135,Gesture,0.6772465705871582
135,Jaw,0.574067234992981
135,Line art,0.5012288093566895
136,Drawing,0.9034017324447632
136,Sketch,0.8780305981636047
136,Hand,0.7543627619743347
136,Illustration,0.7379721999168396
136,Line art,0.5670532584190369
136,Black-and-white,0.5640789866447449
136,Gesture,0.5173180103302002
137,Drawing,0.8805356025695801
137,Sketch,0.8463684320449829
137,Hand,0.7844588160514832
137,Illustration,0.6806615591049194
137,Gesture,0.585419237613678
137,Black-and-white,0.5640789866447449
138,Drawing,0.8968108296394348
138,Sketch,0.8603838086128235
138,Hand,0.8467945456504822
138,Illustration,0.7248833179473877
138,Gesture,0.6599507927894592
138,Artwork,0.5229488015174866
139,Drawing,0.8722315430641174
139,Sketch,0.8297426104545593
139,Hand,0.7661135196685791
139,Eye,0.7586227655410767
139,Illustration,0.6554555892944336
139,Black-and-white,0.5640789866447449
139,Gesture,0.5173180103302002
139,Artwork,0.5107235908508301
139,Graphics,0.5036579966545105
140,Drawing,0.8873602151870728
140,Sketch,0.8566627502441406
140,Illustration,0.7095673680305481
140,Hand,0.6969173550605774
140,Black-and-white,0.5640789866447449
140,Artwork,0.5519563555717468
140,Gesture,0.5173180103302002
140,Graphics,0.5036579966545105
140,Line art,0.5012288093566895
141,Drawing,0.8731912970542908
141,Sketch,0.8326247334480286
141,Hand,0.7918520569801331
141,Illustration,0.6912711262702942
141,Gesture,0.6376084685325623
141,Black-and-white,0.5640789866447449
141,Artwork,0.5107235908508301
142,Drawing,0.862036943435669
142,Sketch,0.8223191499710083
142,Illustration,0.6912711262702942
142,Hand,0.6600293517112732
142,Black-and-white,0.5640789866447449
142,Gesture,0.5173180103302002
142,Line art,0.5121908187866211
142,Artwork,0.5107235908508301
143,Drawing,0.8387206792831421
143,Sketch,0.8192569613456726
143,Illustration,0.7438470125198364
143,Font,0.6857237815856934
143,Black-and-white,0.5640789866447449
143,Graphics,0.5462720394134521
143,Artwork,0.5337058305740356
143,Line art,0.5121908187866211
144,Drawing,0.8822867274284363
144,Sketch,0.8354599475860596
144,Illustration,0.7961652278900146
144,Hand,0.6969173550605774
144,Line art,0.5761554837226868
144,Black-and-white,0.5640789866447449
144,Artwork,0.5337058305740356
144,Gesture,0.5173180103302002
144,Art,0.502187192440033
145,Drawing,0.8027489185333252
145,Sketch,0.7234130501747131
145,Illustration,0.7175435423851013
145,Black-and-white,0.5640789866447449
145,Gesture,0.5173180103302002
146,Drawing,0.8048377633094788
146,Illustration,0.7438470125198364
146,Sketch,0.7234130501747131
147,Drawing,0.8127357363700867
147,Illustration,0.7835041880607605
147,Sketch,0.7234130501747131
147,Black-and-white,0.5640789866447449
148,Drawing,0.7890833616256714
148,Hand,0.7661135196685791
148,Sketch,0.7089143395423889
148,Gesture,0.6376084685325623
148,Illustration,0.6017356514930725
149,Drawing,0.8108260035514832
149,Illustration,0.7095673680305481
149,Sketch,0.6896571516990662
150,Drawing,0.8146051168441772
150,Sketch,0.7442363500595093
150,Illustration,0.7175435423851013
150,Line art,0.6020739674568176
150,Black-and-white,0.5640789866447449
150,Artwork,0.5107235908508301
151,Drawing,0.8217105269432068
151,Illustration,0.7639288306236267
151,Sketch,0.7605001926422119
151,Fish,0.5731056928634644
151,Line art,0.5175482034683228
152,Drawing,0.8006102442741394
152,Illustration,0.7175435423851013
152,Sketch,0.6896571516990662
152,Graphics,0.5462720394134521
153,Drawing,0.8298537731170654
153,Sketch,0.7490517497062683
153,Illustration,0.7248833179473877
153,Line art,0.6889951825141907
154,Drawing,0.8006102442741394
154,Illustration,0.7248833179473877
154,Sketch,0.7148675322532654
155,Drawing,0.8108260035514832
155,Illustration,0.7639288306236267
155,Sketch,0.7417742013931274
155,Line art,0.6222258806228638
155,Black-and-white,0.5640789866447449
155,Graphics,0.5272958874702454
156,Drawing,0.8088743686676025
156,Illustration,0.7723621129989624
156,Sketch,0.7417742013931274
156,Line art,0.7275767922401428
156,Font,0.6857237815856934
156,Black-and-white,0.6834213137626648
156,Graphics,0.586298406124115
156,Artwork,0.5337058305740356
156,Art,0.502187192440033
157,Drawing,0.849298357963562
157,Eye,0.8048999905586243
157,Sketch,0.7869599461555481
157,Illustration,0.7593508362770081
157,Line art,0.7103802561759949
157,Black-and-white,0.6834213137626648
158,Drawing,0.786591649055481
158,Eye,0.7586227655410767
158,Illustration,0.7379721999168396
158,Sketch,0.6791298389434814
158,Black-and-white,0.5640789866447449
158,Graphics,0.5272958874702454
158,Line art,0.5121908187866211
159,Drawing,0.8250590562820435
159,Sketch,0.7626960277557373
159,Illustration,0.7593508362770081
159,Line art,0.7358167171478271
159,Tree,0.6869218349456787
159,Black-and-white,0.5640789866447449
159,Graphics,0.5272958874702454
160,Drawing,0.7461584806442261
160,Illustration,0.6688148975372314
160,Sketch,0.655890703201294
160,Line art,0.614313006401062
160,Black-and-white,0.5640789866447449
160,Graphics,0.5619082450866699
161,Drawing,0.8662528395652771
161,Sketch,0.7792679071426392
161,Illustration,0.7639288306236267
161,Eye,0.7586227655410767
161,Line art,0.6889951825141907
161,Tree,0.6869218349456787
161,Black-and-white,0.5640789866447449
161,Artwork,0.5433015823364258
161,Art,0.502187192440033
162,Drawing,0.8598524928092957
162,Sketch,0.7732500433921814
162,Illustration,0.7248833179473877
162,Line art,0.7103802561759949
162,Tree,0.6869218349456787
162,Black-and-white,0.6834213137626648
162,Jaw,0.6302052736282349
163,Drawing,0.8199871778488159
163,Illustration,0.7175435423851013
163,Sketch,0.7119176983833313
163,Tree,0.6869218349456787
163,Font,0.6857237815856934
163,Black-and-white,0.6834213137626648
163,Art,0.502187192440033
164,Drawing,0.8182293772697449
164,Sketch,0.7148675322532654
164,Tree,0.6869218349456787
164,Illustration,0.6554555892944336
164,Jaw,0.574067234992981
164,Black-and-white,0.5640789866447449
164,Art,0.502187192440033
165,Drawing,0.849298357963562
165,Eye,0.7865645289421082
165,Sketch,0.7417742013931274
165,Illustration,0.7379721999168396
165,Line art,0.5893653631210327
165,Jaw,0.574067234992981
165,Art,0.502187192440033
166,Drawing,0.8234007358551025
166,Sketch,0.7392742037773132
166,Illustration,0.7316700220108032
166,Line art,0.5431800484657288
166,Art,0.502187192440033
167,Drawing,0.8048377633094788
167,Illustration,0.7379721999168396
167,Sketch,0.7089143395423889
167,Font,0.6857237815856934
167,Black-and-white,0.6834213137626648
167,Line art,0.5761554837226868
167,Graphics,0.5272958874702454
167,Art,0.502187192440033
168,Drawing,0.806878924369812
168,Eye,0.7586227655410767
168,Illustration,0.7544986605644226
168,Black-and-white,0.6834213137626648
168,Sketch,0.6030424237251282
168,Line art,0.5577016472816467
168,Clip art,0.5041434168815613
168,Art,0.502187192440033
169,Drawing,0.8217105269432068
169,Illustration,0.7248833179473877
169,Sketch,0.7234130501747131
169,Tree,0.6869218349456787
169,Line art,0.666009247303009
169,Black-and-white,0.5640789866447449
169,Graphics,0.5619082450866699
169,Artwork,0.5107235908508301
169,Art,0.502187192440033
170,Drawing,0.8401148915290833
170,Eye,0.7586227655410767
170,Illustration,0.7379721999168396
170,Sketch,0.6963261365890503
170,Jaw,0.574067234992981
170,Line art,0.5577016472816467
170,Art,0.502187192440033
171,Drawing,0.8564721941947937
171,Sketch,0.7752808928489685
171,Illustration,0.7248833179473877
171,Line art,0.5806165337562561
172,Drawing,0.8937532305717468
172,Sketch,0.8541415333747864
172,Illustration,0.7762597799301147
172,Eye,0.7586227655410767
172,Line art,0.6983447670936584
172,Black-and-white,0.5640789866447449
172,Ink,0.5210356116294861
172,Graphics,0.5036579966545105
172,Art,0.502187192440033
173,Drawing,0.8553162813186646
173,Sketch,0.7417742013931274
173,Illustration,0.6806615591049194
173,Line art,0.5382013320922852
173,Art,0.502187192440033
174,Drawing,0.8517550230026245
174,Eye,0.8048999905586243
174,Sketch,0.7605001926422119
174,Line art,0.7162227630615234
174,Illustration,0.7095673680305481
175,Drawing,0.8750816583633423
175,Sketch,0.8064176440238953
175,Eye,0.7586227655410767
175,Illustration,0.6806615591049194
175,Line art,0.6625825762748718
175,Ink,0.5056748390197754
176,Drawing,0.8564721941947937
176,Sketch,0.7792679071426392
176,Line art,0.7762302160263062
176,Illustration,0.7248833179473877
176,Art,0.502187192440033
177,Drawing,0.8769347071647644
177,Sketch,0.7996058464050293
177,Eye,0.7586227655410767
177,Illustration,0.7379721999168396
177,Line art,0.6448675990104675
178,Drawing,0.8848559260368347
178,Sketch,0.8207949995994568
178,Illustration,0.6912711262702942
178,Hand,0.6600293517112732
178,Line art,0.5806165337562561
179,Drawing,0.9245444536209106
179,Sketch,0.8847110271453857
179,Illustration,0.8017492890357971
179,Line art,0.6826000213623047
179,Fish,0.6642611622810364
179,Art,0.5813031792640686
179,Artwork,0.5519563555717468
179,Figure drawing,0.500695526599884
180,Drawing,0.9076038002967834
180,Sketch,0.8311896324157715
180,Illustration,0.7762597799301147
180,Eye,0.7586227655410767
180,Line art,0.6983447670936584
180,Hand,0.6969173550605774
180,Artwork,0.5433015823364258
180,Graphics,0.5036579966545105
180,Art,0.502187192440033
181,Drawing,0.9005184769630432
181,Sketch,0.8409972786903381
181,Hand,0.8095101118087769
181,Line art,0.6625825762748718
181,Illustration,0.6225569844245911
181,Gesture,0.5575108528137207
181,Artwork,0.5519563555717468
181,Figure drawing,0.5411846041679382
182,Drawing,0.8921912908554077
182,Sketch,0.8437027931213379
182,Hand,0.6600293517112732
182,Line art,0.6020739674568176
182,Illustration,0.6017356514930725
182,Artwork,0.5337058305740356
182,Figure drawing,0.5125189423561096
183,Drawing,0.8960543870925903
183,Sketch,0.8652383089065552
183,Hand,0.6600293517112732
183,Illustration,0.6402102112770081
184,Drawing,0.9076038002967834
184,Sketch,0.8933489918708801
184,Hand,0.6969173550605774
184,Illustration,0.6912711262702942
184,Figure drawing,0.5665475726127625
184,Line art,0.5382013320922852
185,Drawing,0.8952927589416504
185,Sketch,0.8746163249015808
185,Illustration,0.7175435423851013
185,Line art,0.5121908187866211
185,Artwork,0.5107235908508301
186,Drawing,0.9005184769630432
186,Sketch,0.8901426196098328
186,Illustration,0.7438470125198364
186,Artwork,0.5337058305740356
187,Drawing,0.8990498781204224
187,Sketch,0.8813943862915039
187,Illustration,0.7008524537086487
187,Line art,0.614313006401062
187,Figure drawing,0.5573676824569702
188,Drawing,0.8945257067680359
188,Sketch,0.8802785277366638
188,Illustration,0.7175435423851013
188,Line art,0.6261114478111267
188,Pencil,0.5466938614845276
188,Artwork,0.5433015823364258
188,Figure drawing,0.5086508989334106
189,Drawing,0.9214090704917908
189,Sketch,0.9109303951263428
189,Illustration,0.7095673680305481
189,Line art,0.6374958753585815
189,Figure drawing,0.5665475726127625
189,Black-and-white,0.5640789866447449
189,Artwork,0.5433015823364258
190,Drawing,0.8914015889167786
190,Sketch,0.8901426196098328
190,Illustration,0.7175435423851013
190,Artwork,0.5670583844184875
190,Pencil,0.5361300706863403
191,Drawing,0.8898040056228638
191,Sketch,0.8628258109092712
191,Artwork,0.585693359375
191,Illustration,0.5765818953514099
191,Figure drawing,0.5510343909263611
192,Drawing,0.9110057353973389
192,Sketch,0.8780305981636047
192,Illustration,0.6554555892944336
192,Artwork,0.6178611516952515
192,Black-and-white,0.5640789866447449
192,Figure drawing,0.5378013849258423
193,Drawing,0.8865323662757874
193,Sketch,0.8502956032752991
193,Illustration,0.6688148975372314
193,Artwork,0.5519563555717468
194,Drawing,0.8952927589416504
194,Sketch,0.8699795007705688
194,Illustration,0.6017356514930725
194,Artwork,0.5799184441566467
194,Figure drawing,0.5125189423561096
195,Drawing,0.9082910418510437
195,Sketch,0.9027653336524963
195,Illustration,0.6912711262702942
195,Artwork,0.5799184441566467
196,Drawing,0.8921912908554077
196,Sketch,0.8502956032752991
196,Illustration,0.6225569844245911
196,Artwork,0.585693359375
197,Drawing,0.8921912908554077
197,Sketch,0.8757601976394653
197,Illustration,0.6688148975372314
197,Artwork,0.5961909294128418
198,Drawing,0.8787521123886108
198,Sketch,0.8489958047866821
198,Illustration,0.6554555892944336
198,Artwork,0.5598337650299072
199,Drawing,0.9069129824638367
199,Sketch,0.8901426196098328
199,Illustration,0.7008524537086487
199,Artwork,0.5799184441566467
200,Drawing,0.8898040056228638
200,Sketch,0.8723104000091553
200,Illustration,0.7544986605644226
200,Artwork,0.5799184441566467
200,Figure drawing,0.5047107934951782
201,Drawing,0.8692909479141235
201,Sketch,0.8603838086128235
201,Illustration,0.6554555892944336
201,Artwork,0.5433015823364258
202,Drawing,0.8865323662757874
202,Sketch,0.879157304763794
202,Illustration,0.6806615591049194
202,Artwork,0.5799184441566467
202,Black-and-white,0.5640789866447449
203,Drawing,0.874141275882721
203,Sketch,0.8603838086128235
203,Illustration,0.6554555892944336
203,Artwork,0.573727548122406
204,Drawing,0.8769347071647644
204,Sketch,0.8326247334480286
204,Eye,0.7586227655410767
204,Illustration,0.6688148975372314
204,Artwork,0.573727548122406
204,Figure drawing,0.5343652367591858
205,Drawing,0.8881813287734985
205,Sketch,0.8723104000091553
205,Tree,0.6869218349456787
205,Illustration,0.6554555892944336
205,Artwork,0.585693359375
205,Figure drawing,0.5200502872467041
206,Drawing,0.883150577545166
206,Sketch,0.8640356659889221
206,Eye,0.7586227655410767
206,Tree,0.6869218349456787
206,Illustration,0.6688148975372314
206,Figure drawing,0.624819815158844
206,Artwork,0.5670583844184875
206,Black-and-white,0.5640789866447449
207,Drawing,0.871261715888977
207,Sketch,0.8476868271827698
207,Tree,0.6869218349456787
207,Illustration,0.6688148975372314
207,Artwork,0.5670583844184875
208,Drawing,0.8553162813186646
208,Sketch,0.8326247334480286
208,Eye,0.7586227655410767
208,Illustration,0.7095673680305481
208,Artwork,0.5337058305740356
209,Drawing,0.8805356025695801
209,Sketch,0.8591513633728027
209,Eye,0.7586227655410767
209,Illustration,0.6912711262702942
209,Artwork,0.5519563555717468
210,Drawing,0.8467711210250854
210,Sketch,0.826811671257019
210,Illustration,0.6806615591049194
211,Drawing,0.8702816367149353
211,Sketch,0.8382502198219299
211,Eye,0.7586227655410767
211,Illustration,0.7316700220108032
211,Tree,0.6869218349456787
211,Artwork,0.5519563555717468
212,Drawing,0.862036943435669
212,Sketch,0.8297426104545593
212,Illustration,0.7095673680305481
212,Artwork,0.5229488015174866
213,Drawing,0.8952927589416504
213,Sketch,0.8723104000091553
213,Illustration,0.7248833179473877
213,Artwork,0.5598337650299072
213,Figure drawing,0.554223358631134
213,Art,0.502187192440033
214,Drawing,0.8631095886230469
214,Sketch,0.8554063439369202
214,Eye,0.7586227655410767
214,Illustration,0.7248833179473877
214,Figure drawing,0.5308741331100464
214,Artwork,0.5229488015174866
215,Drawing,0.884006917476654
215,Sketch,0.8813943862915039
215,Eye,0.7865645289421082
215,Illustration,0.7682583928108215
215,Artwork,0.5598337650299072
215,Line art,0.5175482034683228
215,Art,0.502187192440033
216,Drawing,0.884006917476654
216,Sketch,0.8603838086128235
216,Eye,0.8048999905586243
216,Illustration,0.7438470125198364
216,Artwork,0.585693359375
216,Black-and-white,0.5640789866447449
217,Sketch,0.8836105465888977
217,Drawing,0.8796480298042297
217,Eye,0.7865645289421082
217,Illustration,0.7379721999168396
217,Black-and-white,0.5640789866447449
217,Figure drawing,0.554223358631134
217,Artwork,0.5433015823364258
217,Line art,0.5431800484657288
217,Art,0.502187192440033
218,Sketch,0.8566627502441406
218,Drawing,0.8541450500488281
218,Eye,0.7586227655410767
218,Illustration,0.7248833179473877
218,Pelican,0.624504804611206
218,Black-and-white,0.5640789866447449
218,Artwork,0.5107235908508301
219,Drawing,0.8401148915290833
219,Sketch,0.8368605971336365
219,Illustration,0.7175435423851013
220,Sketch,0.8813943862915039
220,Drawing,0.862036943435669
220,Eye,0.7586227655410767
220,Illustration,0.7438470125198364
220,Pelican,0.6963444352149963
220,Beak,0.6007198095321655
220,Line art,0.5850194096565247
220,Bird,0.5787325501441956
221,Drawing,0.8760127425193787
221,Sketch,0.8688043355941772
221,Illustration,0.7723621129989624
221,Eye,0.7586227655410767
222,Drawing,0.8517550230026245
222,Sketch,0.8463684320449829
222,Illustration,0.7723621129989624
222,Eye,0.7586227655410767
222,Pelican,0.5126081705093384
222,Art,0.502187192440033
223,Drawing,0.8796480298042297
223,Sketch,0.8723104000091553
223,Eye,0.7865645289421082
223,Illustration,0.7835041880607605
223,Black-and-white,0.5640789866447449
223,Line art,0.5175482034683228
223,Art,0.502187192440033
224,Drawing,0.8517550230026245
224,Sketch,0.8409972786903381
224,Eye,0.7586227655410767
224,Illustration,0.7544986605644226
224,Black-and-white,0.5640789866447449
224,Art,0.502187192440033
225,Drawing,0.8127357363700867
225,Sketch,0.8097212314605713
225,Illustration,0.7379721999168396
225,Line art,0.5806165337562561
225,Black-and-white,0.5640789866447449
225,Art,0.502187192440033
226,Sketch,0.8340480923652649
226,Drawing,0.832910418510437
226,Pelican,0.7205927968025208
226,Beak,0.7103287577629089
226,Bird,0.6763191223144531
226,Neck,0.6535770893096924
226,Illustration,0.6402102112770081
226,Line art,0.633745551109314
227,Sketch,0.8297426104545593
227,Drawing,0.8250590562820435
227,Bird,0.7445160746574402
227,Illustration,0.7175435423851013
227,Pelican,0.713851273059845
227,Beak,0.6925856471061707
227,Neck,0.6535770893096924
227,Line art,0.5480886101722717
228,Sketch,0.8502956032752991
228,Drawing,0.8250590562820435
228,Pelican,0.7104256749153137
228,Illustration,0.7095673680305481
228,Beak,0.6678721904754639
228,Line art,0.633745551109314
228,Neck,0.599070131778717
228,Bird,0.5422619581222534
229,Sketch,0.8579110503196716
229,Drawing,0.8505352139472961
229,Eye,0.7586227655410767
229,Illustration,0.7095673680305481
229,Beak,0.6007198095321655
229,Neck,0.599070131778717
229,Line art,0.5893653631210327
229,Pelican,0.5673379898071289
229,Bird,0.5135781168937683
230,Sketch,0.8489958047866821
230,Drawing,0.8467711210250854
230,Eye,0.7586227655410767
230,Illustration,0.6912711262702942
230,Black-and-white,0.5640789866447449
231,Drawing,0.8553162813186646
231,Sketch,0.845040500164032
231,Eye,0.7586227655410767
231,Illustration,0.7008524537086487
231,Line art,0.6374958753585815
231,Neck,0.599070131778717
231,Black-and-white,0.5640789866447449
231,Art,0.502187192440033
232,Drawing,0.8108260035514832
232,Eye,0.8048999905586243
232,Sketch,0.7711935043334961
232,Illustration,0.7095673680305481
232,Black-and-white,0.5640789866447449
233,Drawing,0.852958083152771
233,Sketch,0.8489958047866821
233,Eye,0.7586227655410767
233,Illustration,0.7493422031402588
233,Line art,0.629951000213623
233,Black-and-white,0.5640789866447449
233,Art,0.502187192440033
234,Drawing,0.8358637690544128
234,Sketch,0.8177047967910767
234,Eye,0.7586227655410767
234,Illustration,0.6912711262702942
234,Line art,0.610283613204956
234,Black-and-white,0.5640789866447449
235,Drawing,0.7730106115341187
235,Sketch,0.7261655926704407
235,Illustration,0.6912711262702942
235,Font,0.6857237815856934
235,Black-and-white,0.5640789866447449
235,Line art,0.5529285073280334
236,Drawing,0.7700396180152893
236,Font,0.749562680721283
236,Sketch,0.7177655696868896
236,Illustration,0.7008524537086487
236,Black-and-white,0.5640789866447449
236,Line art,0.5228259563446045
237,Head,0.8762359619140625
237,Drawing,0.8027489185333252
237,Eye,0.7586227655410767
237,Sketch,0.7392742037773132
237,Black-and-white,0.6834213137626648
237,Illustration,0.6688148975372314
237,Line art,0.641202986240387
237,Neck,0.599070131778717
237,Monochrome,0.5442906022071838
237,Art,0.502187192440033
238,Head,0.8842743635177612
238,Drawing,0.7813957333564758
238,Sketch,0.7288726568222046
238,Font,0.6857237815856934
238,Illustration,0.6688148975372314
238,Line art,0.6520728468894958
238,Neck,0.599070131778717
238,Black-and-white,0.5640789866447449
239,Head,0.8842743635177612
239,Drawing,0.786591649055481
239,Sketch,0.731535792350769
239,Illustration,0.6554555892944336
239,Line art,0.6374958753585815
239,Black-and-white,0.5640789866447449
239,Art,0.502187192440033
240,Drawing,0.7638013362884521
240,Font,0.749562680721283
240,Black-and-white,0.6834213137626648
240,Sketch,0.6791298389434814
240,Illustration,0.6554555892944336
240,Art,0.502187192440033
241,Drawing,0.7813957333564758
241,Sketch,0.7089143395423889
241,Illustration,0.6912711262702942
241,Tree,0.6869218349456787
241,Font,0.6857237815856934
241,Line art,0.571634829044342
241,Black-and-white,0.5640789866447449
241,Art,0.502187192440033
242,Head,0.8762359619140625
242,Drawing,0.7813957333564758
242,Font,0.749562680721283
242,Sketch,0.7089143395423889
242,Illustration,0.6912711262702942
242,Tree,0.6869218349456787
242,Black-and-white,0.6834213137626648
242,Line art,0.5529285073280334
242,Art,0.502187192440033
243,Head,0.8762359619140625
243,Drawing,0.7669718265533447
243,Sketch,0.7027392387390137
243,Black-and-white,0.6834213137626648
243,Illustration,0.6554555892944336
243,Line art,0.629951000213623
243,Monochrome,0.5442906022071838
243,Art,0.502187192440033
244,Head,0.8762359619140625
244,Drawing,0.7638013362884521
244,Tree,0.6869218349456787
244,Black-and-white,0.6834213137626648
244,Illustration,0.6806615591049194
244,Sketch,0.6754698753356934
244,Line art,0.614313006401062
244,Monochrome,0.5442906022071838
244,Art,0.502187192440033
245,Drawing,0.7758903503417969
245,Tree,0.7469744682312012
245,Black-and-white,0.7436744570732117
245,Sketch,0.7206135392189026
245,Illustration,0.6912711262702942
245,Font,0.6857237815856934
245,Art,0.5813031792640686
245,Monochrome,0.5442906022071838
246,Head,0.8762359619140625
246,Tree,0.7989127039909363
246,Drawing,0.7730106115341187
246,Sketch,0.7367352843284607
246,Illustration,0.7175435423851013
246,Organism,0.7151590585708618
246,Font,0.6857237815856934
246,Line art,0.6520728468894958
246,Art,0.5813031792640686
246,Black-and-white,0.5640789866447449
247,Head,0.8842743635177612
247,Water,0.8073040843009949
247,Drawing,0.786591649055481
247,Black-and-white,0.7811979055404663
247,Font,0.749562680721283
247,Sketch,0.7341562509536743
247,Illustration,0.6912711262702942
247,Tree,0.6869218349456787
247,Monochrome,0.6010186672210693
247,Art,0.5813031792640686
248,Drawing,0.7669718265533447
248,Tree,0.7469744682312012
248,Illustration,0.6912711262702942
248,Font,0.6857237815856934
248,Black-and-white,0.6834213137626648
248,Sketch,0.671729326248169
248,Art,0.5813031792640686
248,Line art,0.5761554837226868
249,Head,0.8984001874923706
249,Drawing,0.8517550230026245
249,Sketch,0.801335334777832
249,Illustration,0.7868800759315491
249,Line art,0.7762302160263062
249,Black-and-white,0.7436744570732117
249,Snout,0.7342774271965027
249,Font,0.6857237815856934
249,Monochrome,0.6010186672210693
249,Art,0.502187192440033
250,Head,0.8947408199310303
250,Drawing,0.8006102442741394
250,Illustration,0.7639288306236267
250,Sketch,0.75601726770401
250,Line art,0.6921436190605164
250,Tree,0.6869218349456787
250,Font,0.6857237815856934
250,Black-and-white,0.6834213137626648
250,Art,0.502187192440033
251,Black-and-white,0.7811979055404663
251,Illustration,0.7639288306236267
251,Drawing,0.7638013362884521
251,Organism,0.7151590585708618
251,Tree,0.6869218349456787
251,Font,0.6857237815856934
251,Sketch,0.671729326248169
251,Monochrome,0.6431529521942139
251,Line art,0.6222258806228638
251,Graphics,0.5619082450866699
252,Head,0.8842743635177612
252,Drawing,0.7700396180152893
252,Black-and-white,0.7436744570732117
252,Illustration,0.7095673680305481
252,Tree,0.6869218349456787
252,Font,0.6857237815856934
252,Sketch,0.6473897099494934
252,Monochrome,0.6010186672210693
252,Line art,0.5382013320922852
252,Art,0.502187192440033
253,Head,0.8762359619140625
253,Drawing,0.8027489185333252
253,Illustration,0.7544986605644226
253,Line art,0.7541915774345398
253,Black-and-white,0.7436744570732117
253,Sketch,0.7058554887771606
253,Tree,0.6869218349456787
253,Font,0.6857237815856934
253,Monochrome,0.6759324669837952
253,Art,0.5813031792640686
254,Head,0.8842743635177612
254,Line art,0.7922742366790771
254,Drawing,0.7786838412284851
254,Illustration,0.7438470125198364
254,Black-and-white,0.7436744570732117
254,Snout,0.7342774271965027
254,Font,0.6857237815856934
254,Sketch,0.663992702960968
254,Monochrome,0.6431529521942139
254,Style,0.5095184445381165
255,Head,0.8842743635177612
255,Black-and-white,0.8265277147293091
255,Drawing,0.7984194755554199
255,Illustration,0.7544986605644226
255,Organism,0.7151590585708618
255,Tree,0.6869218349456787
255,Font,0.6857237815856934
255,Monochrome,0.6759324669837952
255,Sketch,0.671729326248169
255,Line art,0.6448675990104675
256,Head,0.8901773691177368
256,Black-and-white,0.8265277147293091
256,Drawing,0.7461584806442261
256,Organism,0.7151590585708618
256,Monochrome,0.7022971510887146
256,Illustration,0.7008524537086487
256,Tree,0.6869218349456787
256,Font,0.6857237815856934
256,Line art,0.6374958753585815
256,Sketch,0.6190864443778992
257,Head,0.8901773691177368
257,Drawing,0.8217105269432068
257,Line art,0.813728928565979
257,Black-and-white,0.7811979055404663
257,Sketch,0.7288726568222046
257,Organism,0.7151590585708618
257,Illustration,0.7008524537086487
257,Tree,0.6869218349456787
257,Font,0.6857237815856934
257,Monochrome,0.6431529521942139
258,Head,0.8762359619140625
258,Drawing,0.8048377633094788
258,Tree,0.7783679962158203
258,Line art,0.766642153263092
258,Black-and-white,0.7436744570732117
258,Organism,0.7151590585708618
258,Sketch,0.693024754524231
258,Illustration,0.6806615591049194
258,Monochrome,0.6010186672210693
258,Art,0.5813031792640686
259,Head,0.8901773691177368
259,Drawing,0.828284502029419
259,Line art,0.769069254398346
259,Black-and-white,0.7436744570732117
259,Sketch,0.7089143395423889
259,Illustration,0.7008524537086487
259,Font,0.6857237815856934
259,Monochrome,0.6010186672210693
259,Art,0.502187192440033
260,Head,0.8901773691177368
260,Drawing,0.8682894706726074
260,Line art,0.7855082750320435
260,Sketch,0.753728449344635
260,Black-and-white,0.7436744570732117
260,Illustration,0.7175435423851013
260,Organism,0.7151590585708618
260,Monochrome,0.7022971510887146
260,Art,0.5813031792640686
260,Graphic design,0.5151030421257019
261,Drawing,0.8428384065628052
261,Line art,0.7541915774345398
261,Font,0.749562680721283
261,Black-and-white,0.7436744570732117
261,Sketch,0.7392742037773132
261,Snout,0.7342774271965027
261,Illustration,0.6688148975372314
261,Hand,0.6600293517112732
261,Monochrome,0.6431529521942139
261,Style,0.5095184445381165
262,Head,0.8901773691177368
262,Drawing,0.8298537731170654
262,Black-and-white,0.7811979055404663
262,Human,0.7687744498252869
262,Line art,0.766642153263092
262,Sketch,0.7206135392189026
262,Hand,0.6969173550605774
262,Tree,0.6869218349456787
262,Font,0.6857237815856934
262,Monochrome,0.6431529521942139
263,Drawing,0.837303876876831
263,Black-and-white,0.7436744570732117
263,Sketch,0.7367352843284607
263,Snout,0.7342774271965027
263,Illustration,0.7008524537086487
263,Font,0.6857237815856934
263,Hand,0.6600293517112732
263,Line art,0.6556150913238525
263,Monochrome,0.5442906022071838
263,Art,0.502187192440033
264,Head,0.8762359619140625
264,Drawing,0.8480438590049744
264,Black-and-white,0.8072261214256287
264,Sketch,0.7341562509536743
264,Line art,0.7133157253265381
264,Illustration,0.6912711262702942
264,Font,0.6857237815856934
264,Hand,0.6600293517112732
264,Monochrome,0.6010186672210693
264,Style,0.5095184445381165
265,Drawing,0.828284502029419
265,Sketch,0.7490517497062683
265,Line art,0.7358167171478271
265,Black-and-white,0.6834213137626648
265,Hand,0.6600293517112732
265,Illustration,0.6402102112770081
266,Drawing,0.8250590562820435
266,Line art,0.8238743543624878
266,Sketch,0.7392742037773132
266,Black-and-white,0.6834213137626648
266,Illustration,0.6688148975372314
266,Monochrome,0.5442906022071838
266,Art,0.502187192440033
267,Head,0.8762359619140625
267,Drawing,0.8641695380210876
267,Sketch,0.7850707769393921
267,Line art,0.769069254398346
267,Joint,0.739563524723053
267,Black-and-white,0.6834213137626648
267,Illustration,0.6225569844245911
267,Monochrome,0.6010186672210693
267,Neck,0.599070131778717
267,Style,0.5095184445381165
268,Drawing,0.8401148915290833
268,Sketch,0.7906739115715027
268,Illustration,0.6806615591049194
268,Line art,0.6591180562973022
268,Neck,0.599070131778717
268,Black-and-white,0.5640789866447449
269,Drawing,0.8652172088623047
269,Sketch,0.7943053245544434
269,Eye,0.7586227655410767
269,Black-and-white,0.7436744570732117
269,Joint,0.739563524723053
269,Line art,0.7133157253265381
269,Illustration,0.6806615591049194
269,Monochrome,0.6010186672210693
269,Neck,0.599070131778717
269,Art,0.502187192440033
270,Drawing,0.8873602151870728
270,Head,0.8762359619140625
270,Sketch,0.8368605971336365
270,Line art,0.8238743543624878
270,Illustration,0.7493422031402588
270,Neck,0.6535770893096924
270,Art,0.502187192440033
271,Drawing,0.8266866207122803
271,Joint,0.739563524723053
271,Snout,0.7342774271965027
271,Sketch,0.7206135392189026
271,Line art,0.7191019654273987
271,Illustration,0.6688148975372314
271,Black-and-white,0.5640789866447449
272,Drawing,0.8865323662757874
272,Sketch,0.8409972786903381
272,Line art,0.8178310394287109
272,Joint,0.8023731708526611
272,Arm,0.7910864353179932
272,Hand,0.6600293517112732
272,Illustration,0.6017356514930725
272,Neck,0.599070131778717
272,Black-and-white,0.5640789866447449
273,Drawing,0.8631095886230469
273,Sketch,0.8064176440238953
273,Line art,0.7785780429840088
273,Joint,0.778267502784729
273,Black-and-white,0.6834213137626648
273,Illustration,0.6402102112770081
273,Monochrome,0.5442906022071838
274,Joint,0.8815542459487915
274,Drawing,0.8164358735084534
274,Sketch,0.7417742013931274
274,Illustration,0.6554555892944336
274,Neck,0.599070131778717
274,Line art,0.5670532584190369
274,Black-and-white,0.5640789866447449
275,Drawing,0.849298357963562
275,Joint,0.8023731708526611
275,Sketch,0.7888275384902954
275,Line art,0.7785780429840088
275,Illustration,0.6554555892944336
275,Neck,0.599070131778717
275,Black-and-white,0.5640789866447449
276,Drawing,0.8598524928092957
276,Sketch,0.7812252640724182
276,Joint,0.739563524723053
276,Line art,0.7013987302780151
276,Black-and-white,0.6834213137626648
276,Illustration,0.6225569844245911
277,Drawing,0.8199871778488159
277,Sketch,0.746661901473999
277,Illustration,0.6554555892944336
277,Line art,0.6182934045791626
277,Beak,0.5382903218269348
278,Joint,0.739563524723053
278,Drawing,0.7381006479263306
278,Sketch,0.6754698753356934
278,Illustration,0.6402102112770081
278,Neck,0.599070131778717
278,Line art,0.5936556458473206
279,Drawing,0.844169020652771
279,Sketch,0.801335334777832
279,Joint,0.778267502784729
279,Illustration,0.6806615591049194
279,Neck,0.6535770893096924
279,Beak,0.5903059840202332
279,Bird,0.5787325501441956
279,Line art,0.5331505537033081
280,Drawing,0.8505352139472961
280,Sketch,0.801335334777832
280,Illustration,0.6554555892944336
280,Neck,0.599070131778717
280,Black-and-white,0.5640789866447449
280,Line art,0.5331505537033081
280,Artwork,0.5107235908508301
281,Drawing,0.8250590562820435
281,Sketch,0.7711935043334961
281,Joint,0.739563524723053
281,Neck,0.689909040927887
281,Illustration,0.6806615591049194
281,Line art,0.5670532584190369
281,Black-and-white,0.5640789866447449
282,Drawing,0.852958083152771
282,Sketch,0.8097212314605713
282,Line art,0.766642153263092
282,Neck,0.7538272738456726
282,Illustration,0.7438470125198364
282,Bird,0.7422248125076294
282,Beak,0.6762630939483643
282,Art,0.502187192440033
283,Drawing,0.8146051168441772
283,Sketch,0.7605001926422119
283,Illustration,0.7008524537086487
283,Bird,0.6516019701957703
283,Line art,0.6182934045791626
283,Beak,0.6107998490333557
283,Neck,0.599070131778717
284,Drawing,0.8358637690544128
284,Sketch,0.8282833695411682
284,Illustration,0.7799686789512634
284,Bird,0.7555626034736633
284,Beak,0.6945871114730835
284,Neck,0.6535770893096924
284,Line art,0.6448675990104675
284,Water bird,0.5458124279975891
285,Drawing,0.828284502029419
285,Sketch,0.8097212314605713
285,Neck,0.7983646392822266
285,Illustration,0.7544986605644226
285,Bird,0.6438903212547302
285,Art,0.502187192440033
286,Bird,0.8607488870620728
286,Drawing,0.8454797267913818
286,Sketch,0.8297426104545593
286,Beak,0.8137863278388977
286,Illustration,0.7175435423851013
286,Neck,0.6535770893096924
286,Line art,0.6222258806228638
286,Water bird,0.5816850662231445
286,Art,0.502187192440033
287,Head,0.8762359619140625
287,Drawing,0.8428384065628052
287,Sketch,0.8297426104545593
287,Illustration,0.7438470125198364
287,Line art,0.7044222354888916
287,Neck,0.599070131778717
287,Canidae,0.5373899340629578
287,Art,0.502187192440033
288,Drawing,0.8505352139472961
288,Sketch,0.8354599475860596
288,Bird,0.7555626034736633
288,Illustration,0.7493422031402588
288,Beak,0.7025154232978821
288,Line art,0.6591180562973022
288,Neck,0.599070131778717
289,Drawing,0.8428384065628052
289,Sketch,0.8354599475860596
289,Illustration,0.7961652278900146
289,Bird,0.7639468908309937
289,Beak,0.714195966720581
289,Line art,0.669398844242096
289,Neck,0.599070131778717
290,Drawing,0.8609514236450195
290,Sketch,0.8566627502441406
290,Illustration,0.7248833179473877
290,Neck,0.599070131778717
290,Bird,0.5551868677139282
290,Line art,0.5529285073280334
291,Sketch,0.8476868271827698
291,Drawing,0.844169020652771
291,Illustration,0.7438470125198364
291,Bird,0.703887403011322
291,Beak,0.6905760169029236
291,Line art,0.633745551109314
291,Neck,0.599070131778717
291,Art,0.502187192440033
292,Drawing,0.8564721941947937
292,Sketch,0.8368605971336365
292,Illustration,0.7438470125198364
292,Neck,0.599070131778717
292,Line art,0.5850194096565247
292,Art,0.502187192440033
293,Sketch,0.8688043355941772
293,Drawing,0.8631095886230469
293,Bird,0.8529342412948608
293,Illustration,0.8093699216842651
293,Beak,0.7936476469039917
293,Art,0.5813031792640686
293,Line art,0.5331505537033081
294,Sketch,0.8847110271453857
294,Drawing,0.8796480298042297
294,Illustration,0.829906702041626
294,Bird,0.8248386979103088
294,Beak,0.7645644545555115
294,Art,0.6253476738929749
294,Line art,0.5529285073280334
294,Artwork,0.5337058305740356
295,Bird,0.8805666565895081
295,Sketch,0.8699795007705688
295,Drawing,0.8692909479141235
295,Beak,0.8268205523490906
295,Illustration,0.8183640241622925
295,Line art,0.7464572191238403
295,Duck,0.7292860746383667
295,Water bird,0.6903616786003113
295,Art,0.5813031792640686
295,Artwork,0.5107235908508301
296,Bird,0.9499251246452332
296,Beak,0.8902691602706909
296,Sketch,0.8463684320449829
296,Drawing,0.8358637690544128
296,Illustration,0.8183640241622925
296,Duck,0.8050082325935364
296,Water bird,0.7253397703170776
296,Line art,0.614313006401062
296,"Ducks, geese and swans",0.5248648524284363
297,Drawing,0.8906058669090271
297,Sketch,0.8847110271453857
297,Illustration,0.8204352259635925
297,Line art,0.6520728468894958
297,Bird,0.6516019701957703
297,Art,0.6253476738929749
297,Artwork,0.5337058305740356
297,Beak,0.5185473561286926
298,Bird,0.956186056137085
298,Beak,0.8949980139732361
298,Duck,0.8668354153633118
298,Sketch,0.8207949995994568
298,Drawing,0.8182293772697449
298,Water bird,0.8153548240661621
298,Illustration,0.7901084423065186
298,Line art,0.6591180562973022
298,Mallard,0.632558286190033
298,"Ducks, geese and swans",0.6306824684143066
299,Bird,0.8516077399253845
299,Sketch,0.826811671257019
299,Drawing,0.8234007358551025
299,Illustration,0.8117333054542542
299,Beak,0.6945871114730835
299,Duck,0.610986590385437
299,Water bird,0.6101841330528259
299,Line art,0.5175482034683228
299,Art,0.502187192440033
300,Drawing,0.8662528395652771
300,Sketch,0.8616085648536682
300,Illustration,0.8162259459495544
300,Bird,0.7815356254577637
300,Beak,0.654956579208374
300,Art,0.5813031792640686
300,Line art,0.571634829044342
301,Drawing,0.8796480298042297
301,Sketch,0.8746163249015808
301,Illustration,0.8093699216842651
301,Bird,0.8060218691825867
301,Beak,0.6783356070518494
301,Duck,0.6001654863357544
301,Line art,0.5978914499282837
301,Water bird,0.5816850662231445
301,Art,0.5813031792640686
301,Artwork,0.5107235908508301
302,Drawing,0.9012458920478821
302,Sketch,0.8847110271453857
302,Illustration,0.7762597799301147
302,Arm,0.7560437321662903
302,Neck,0.599070131778717
302,Art,0.5813031792640686
302,Artwork,0.5598337650299072
302,Figure drawing,0.5411846041679382
302,Line art,0.5121908187866211
303,Drawing,0.884006917476654
303,Sketch,0.873466432094574
303,Bird,0.8683387041091919
303,Illustration,0.8262828588485718
303,Beak,0.770028293132782
303,Duck,0.6674554944038391
303,Line art,0.6448675990104675
303,Art,0.6253476738929749
303,Water bird,0.6184870004653931
303,Neck,0.599070131778717
304,Drawing,0.8873602151870728
304,Sketch,0.8813943862915039
304,Illustration,0.7868800759315491
304,Bird,0.735173761844635
304,Line art,0.6625825762748718
304,Beak,0.6057996153831482
304,Artwork,0.5107235908508301
304,Art,0.502187192440033
305,Bird,0.9129663705825806
305,Drawing,0.849298357963562
305,Sketch,0.8437027931213379
305,Beak,0.8064273595809937
305,Illustration,0.7961652278900146
305,Duck,0.675682783126831
305,Water bird,0.6706973314285278
305,Neck,0.599070131778717
305,Line art,0.5331505537033081
306,Bird,0.9391800761222839
306,Drawing,0.8750816583633423
306,Sketch,0.86643385887146
306,Beak,0.8619838953018188
306,Duck,0.8050082325935364
306,Illustration,0.7799686789512634
306,Water bird,0.749334990978241
306,Line art,0.6484906673431396
306,Neck,0.599070131778717
306,"Ducks, geese and swans",0.5456284880638123
307,Bird,0.9186168909072876
307,Drawing,0.8702816367149353
307,Sketch,0.845040500164032
307,Beak,0.8249435424804688
307,Illustration,0.7639288306236267
307,Water bird,0.6472578048706055
307,Duck,0.6056341528892517
307,Neck,0.599070131778717
307,Line art,0.5761554837226868
307,Seabird,0.5188331604003906
308,Bird,0.953648567199707
308,Drawing,0.8662528395652771
308,Beak,0.8661211133003235
308,Sketch,0.8382502198219299
308,Illustration,0.7682583928108215
308,Line art,0.6727520823478699
308,Water bird,0.6535431146621704
308,Duck,0.6213589310646057
309,Bird,0.9368532299995422
309,Drawing,0.8881813287734985
309,Sketch,0.8813943862915039
309,Duck,0.8293142914772034
309,Beak,0.8174874186515808
309,Water bird,0.7545939087867737
309,Illustration,0.7438470125198364
309,Line art,0.7219536900520325
309,"Ducks, geese and swans",0.5764831900596619
309,Mallard,0.5574194192886353
310,Bird,0.9779521226882935
310,Duck,0.9388843178749084
310,Beak,0.9155755043029785
310,Water bird,0.8805097341537476
310,Drawing,0.8234007358551025
310,Sketch,0.7996058464050293
310,"Ducks, geese and swans",0.7547916769981384
310,Illustration,0.7493422031402588
310,Mallard,0.716055154800415
310,Goose,0.6561682820320129
311,Bird,0.953648567199707
311,Beak,0.8926171064376831
311,Drawing,0.849298357963562
311,Sketch,0.8326247334480286
311,Illustration,0.7248833179473877
311,Line art,0.7133157253265381
311,Duck,0.6836242079734802
311,Water bird,0.6535431146621704
311,Seabird,0.5014160871505737
312,Duck,0.893825113773346
312,Drawing,0.8814151287078857
312,Sketch,0.8768982887268066
312,Bird,0.8594628572463989
312,Line art,0.8218743205070496
312,Water bird,0.8195849061012268
312,Beak,0.8082623481750488
312,Illustration,0.7175435423851013
312,Mallard,0.6580316424369812
312,"Ducks, geese and swans",0.6442906856536865
313,Duck,0.8925045728683472
313,Bird,0.8912100791931152
313,Sketch,0.8836105465888977
313,Drawing,0.874141275882721
313,Beak,0.8119415640830994
313,Water bird,0.8063402771949768
313,Illustration,0.7379721999168396
313,Line art,0.6983447670936584
313,Mallard,0.6817779541015625
313,"Ducks, geese and swans",0.6187916398048401
314,Drawing,0.9019688367843628
314,Sketch,0.8922843337059021
314,Bird,0.8594628572463989
314,Beak,0.8137863278388977
314,Line art,0.769069254398346
314,Duck,0.7559890151023865
314,Illustration,0.7008524537086487
314,Water bird,0.6652394533157349
314,Artwork,0.5107235908508301
315,Bird,0.901602566242218
315,Sketch,0.8933489918708801
315,Drawing,0.8914015889167786
315,Beak,0.881166934967041
315,Duck,0.8668354153633118
315,Water bird,0.7981797456741333
315,Line art,0.7275767922401428
315,Illustration,0.7008524537086487
315,Goose,0.6600205302238464
315,Mallard,0.6473382115364075
316,Sketch,0.8901426196098328
316,Drawing,0.8881813287734985
316,Nose,0.8419631719589233
316,Duck,0.809286892414093
316,Bird,0.7993356585502625
316,Water bird,0.749334990978241
316,Beak,0.6865315437316895
316,Illustration,0.6554555892944336
316,Line art,0.6182934045791626
316,Neck,0.599070131778717
317,Duck,0.9518058896064758
317,Bird,0.928816020488739
317,Sketch,0.8954664468765259
317,Beak,0.8902691602706909
317,Drawing,0.884006917476654
317,Water bird,0.8763991594314575
317,Mallard,0.8339961767196655
317,Illustration,0.7593508362770081
317,"Ducks, geese and swans",0.7514581084251404
317,Waterfowl,0.6635975241661072
318,Sketch,0.9149593114852905
318,Drawing,0.9019688367843628
318,Bird,0.8876944780349731
318,Duck,0.8605783581733704
318,Beak,0.8362995982170105
318,Water bird,0.8181939125061035
318,Illustration,0.7379721999168396
318,Line art,0.6983447670936584
318,Mallard,0.6437005400657654
318,Goose,0.6087132096290588
319,Duck,0.935784101486206
319,Bird,0.9299562573432922
319,Sketch,0.8922843337059021
319,Drawing,0.8914015889167786
319,Beak,0.8856636881828308
319,Water bird,0.8788800835609436
319,Illustration,0.7593508362770081
319,"Ducks, geese and swans",0.7447428107261658
319,Mallard,0.7361742854118347
319,Line art,0.6889951825141907
320,Bird,0.9614297747612
320,Beak,0.9305460453033447
320,Drawing,0.8990498781204224
320,Sketch,0.8868975043296814
320,Duck,0.8573641777038574
320,Water bird,0.8181939125061035
320,Illustration,0.7639288306236267
320,Line art,0.610283613204956
320,"Ducks, geese and swans",0.6063289046287537
320,Mallard,0.5884808897972107
321,Bird,0.9242724776268005
321,Drawing,0.8914015889167786
321,Duck,0.8911738395690918
321,Sketch,0.8802785277366638
321,Beak,0.8682138323783875
321,Water bird,0.8419116139411926
321,Illustration,0.7379721999168396
321,"Ducks, geese and swans",0.695095956325531
321,Goose,0.6638059020042419
321,Neck,0.599070131778717
322,Drawing,0.9096550345420837
322,Sketch,0.8912155628204346
322,Bird,0.8502740263938904
322,Beak,0.8305923342704773
322,Line art,0.7922742366790771
322,Water bird,0.7318434715270996
322,Illustration,0.7316700220108032
322,Duck,0.7058894038200378
322,Neck,0.599070131778717
322,Goose,0.5989150404930115
323,Bird,0.9380145072937012
323,Duck,0.906507134437561
323,Beak,0.8856636881828308
323,Drawing,0.8778477311134338
323,Sketch,0.8628258109092712
323,Water bird,0.8613618016242981
323,Illustration,0.8043836355209351
323,"Ducks, geese and swans",0.7188289761543274
323,Goose,0.6919047832489014
323,Neck,0.599070131778717
324,Bird,0.9197468757629395
324,Beak,0.9155755043029785
324,Drawing,0.8929751515388489
324,Sketch,0.8628258109092712
324,Duck,0.8195725083351135
324,Illustration,0.7932002544403076
324,Water bird,0.771203339099884
324,Line art,0.6826000213623047
324,Goose,0.5834057331085205
324,Wildlife,0.5761504173278809
325,Bird,0.8981608152389526
325,Head,0.8762359619140625
325,Drawing,0.8702816367149353
325,Sketch,0.8554063439369202
325,Beak,0.8249435424804688
325,Illustration,0.7932002544403076
325,Line art,0.761725902557373
325,Water bird,0.7466067671775818
325,Duck,0.7058894038200378
325,Neck,0.599070131778717
326,Bird,0.9322436451911926
326,Beak,0.8682138323783875
326,Drawing,0.8553162813186646
326,Sketch,0.8297426104545593
326,Illustration,0.7868800759315491
326,Water bird,0.7184364795684814
326,Line art,0.7044222354888916
326,Duck,0.6912959814071655
326,Art,0.502187192440033
327,Bird,0.9356957674026489
327,Beak,0.8998681306838989
327,Head,0.8762359619140625
327,Drawing,0.8343995213508606
327,Illustration,0.829906702041626
327,Duck,0.8293142914772034
327,Sketch,0.8030468821525574
327,Water bird,0.7929567694664001
327,Line art,0.6556150913238525
327,"Ducks, geese and swans",0.5932148694992065
328,Bird,0.9107030630111694
328,Head,0.8762359619140625
328,Duck,0.8605783581733704
328,Drawing,0.8541450500488281
328,Water bird,0.8349789381027222
328,Beak,0.8193442821502686
328,Sketch,0.8177047967910767
328,Illustration,0.8162259459495544
328,"Ducks, geese and swans",0.6530082821846008
328,Line art,0.6261114478111267
329,Bird,0.9107030630111694
329,Beak,0.8879519701004028
329,Drawing,0.8702816367149353
329,Illustration,0.8183640241622925
329,Sketch,0.814556896686554
329,Line art,0.7855082750320435
329,Duck,0.7820361852645874
329,Water bird,0.7379881143569946
329,Flightless bird,0.6349535584449768
329,Black-and-white,0.5640789866447449
330,Head,0.8901773691177368
330,Line art,0.8576390147209167
330,Drawing,0.849298357963562
330,Illustration,0.8243914246559143
330,Bird,0.8092820048332214
330,Sketch,0.7960912585258484
330,Loon,0.7926592826843262
330,Beak,0.7294347882270813
330,Water bird,0.6262991428375244
330,Duck,0.610986590385437
331,Bird,0.9614297747612
331,Beak,0.9155755043029785
331,Loon,0.9048746824264526
331,Illustration,0.829906702041626
331,Water bird,0.8109453320503235
331,Drawing,0.7984194755554199
331,Line art,0.7966971397399902
331,Duck,0.7844610214233398
331,Sketch,0.7341562509536743
331,"Ducks, geese and swans",0.6037610173225403
332,Drawing,0.849298357963562
332,Line art,0.8095661997795105
332,Sketch,0.7906739115715027
332,Illustration,0.7901084423065186
332,Bird,0.7227821946144104
332,Hand,0.7216579914093018
332,Duck,0.6836242079734802
332,Water bird,0.6406444311141968
332,Artwork,0.5229488015174866
332,Art,0.502187192440033
333,Bird,0.9197468757629395
333,Head,0.8901773691177368
333,Drawing,0.8641695380210876
333,Beak,0.847931444644928
333,Illustration,0.8316443562507629
333,Flightless bird,0.8285125494003296
333,Duck,0.8134697675704956
333,Line art,0.8053411841392517
333,Sketch,0.7691105008125305
333,Water bird,0.7545939087867737
334,Bird,0.9118351340293884
334,Head,0.8842743635177612
334,Drawing,0.8805356025695801
334,Beak,0.8682138323783875
334,Illustration,0.8411677479743958
334,Flightless bird,0.8326411247253418
334,Line art,0.831735372543335
334,Duck,0.8293142914772034
334,Sketch,0.814556896686554
334,Water bird,0.7893232107162476
335,Bird,0.956186056137085
335,Duck,0.955637514591217
335,Beak,0.924282431602478
335,Flightless bird,0.898745596408844
335,Water bird,0.8845047354698181
335,Head,0.8842743635177612
335,Drawing,0.844169020652771
335,"Ducks, geese and swans",0.8251096606254578
335,Illustration,0.7799686789512634
335,Waterfowl,0.7384051084518433
336,Duck,0.9469271898269653
336,Bird,0.9197468757629395
336,Water bird,0.8772311806678772
336,Head,0.8762359619140625
336,Drawing,0.8750816583633423
336,Illustration,0.8281203508377075
336,Beak,0.8268205523490906
336,Sketch,0.814556896686554
336,"Ducks, geese and swans",0.7875421047210693
336,Waterfowl,0.6760664582252502
337,Flightless bird,0.9754772782325745
337,Bird,0.9669761657714844
337,Beak,0.944757878780365
337,Duck,0.9002814888954163
337,Head,0.8762359619140625
337,Drawing,0.8266866207122803
337,Water bird,0.7929567694664001
337,Illustration,0.7762597799301147
337,Emu,0.7478313446044922
337,Ratite,0.6928281188011169
338,Duck,0.9419370889663696
338,Bird,0.928816020488739
338,Beak,0.8998681306838989
338,Water bird,0.8829197287559509
338,Head,0.8762359619140625
338,Drawing,0.8609514236450195
338,Illustration,0.8577896952629089
338,Flightless bird,0.8326411247253418
338,"Ducks, geese and swans",0.7972744703292847
338,Line art,0.7809068560600281
339,Head,0.8984001874923706
339,Drawing,0.8652172088623047
339,Illustration,0.8588950634002686
339,Duck,0.8071597814559937
339,Bird,0.8027071952819824
339,Sketch,0.7960912585258484
339,Water bird,0.7596083283424377
339,Beak,0.7480664849281311
339,Line art,0.7247785329818726
339,Flightless bird,0.692573070526123
340,Bird,0.901602566242218
340,Head,0.8947408199310303
340,Drawing,0.8865323662757874
340,Duck,0.8772730827331543
340,Flightless bird,0.8568771481513977
340,Beak,0.8518862128257751
340,Illustration,0.8454303741455078
340,Sketch,0.8080776333808899
340,Water bird,0.7643987536430359
340,Line art,0.7162227630615234
341,Bird,0.928816020488739
341,Head,0.8984001874923706
341,Flightless bird,0.8744413256645203
341,Beak,0.8724517226219177
341,Duck,0.8438889384269714
341,Drawing,0.8401148915290833
341,Illustration,0.8262828588485718
341,Water bird,0.7571303248405457
341,Sketch,0.7119176983833313
341,"Ducks, geese and swans",0.6259902119636536
342,Head,0.9039563536643982
342,Drawing,0.8564721941947937
342,Illustration,0.8204352259635925
342,Flightless bird,0.7932791113853455
342,Beak,0.7645644545555115
342,Bird,0.7490146160125732
342,Sketch,0.7392742037773132
342,Duck,0.6674554944038391
342,Line art,0.633745551109314
342,Art,0.6253476738929749
343,Head,0.9014164209365845
343,Drawing,0.8576133251190186
343,Beak,0.847931444644928
343,Bird,0.8350786566734314
343,Illustration,0.8204352259635925
343,Duck,0.8071597814559937
343,Flightless bird,0.7766391634941101
343,Sketch,0.753728449344635
343,Water bird,0.7466067671775818
343,Goose,0.6600205302238464
344,Duck,0.9668304324150085
344,Bird,0.9438916444778442
344,Beak,0.9212989211082458
344,Water bird,0.9060068726539612
344,Head,0.8947408199310303
344,Drawing,0.8881813287734985
344,"Ducks, geese and swans",0.8670269846916199
344,Illustration,0.8349826335906982
344,Goose,0.8119553923606873
344,Sketch,0.7906739115715027
345,Flightless bird,0.9620368480682373
345,Head,0.9061321020126343
345,Bird,0.901602566242218
345,Emu,0.8776214718818665
345,Beak,0.8724517226219177
345,Drawing,0.844169020652771
345,Duck,0.8385607004165649
345,Illustration,0.8093699216842651
345,Ratite,0.8046326637268066
345,Sketch,0.731535792350769
346,Flightless bird,0.9092549085617065
346,Head,0.8947408199310303
346,Drawing,0.8929751515388489
346,Illustration,0.8680011630058289
346,Sketch,0.8489958047866821
346,Bird,0.8172081112861633
346,Beak,0.7772983312606812
346,Emu,0.7237263321876526
346,Black-and-white,0.6834213137626648
346,Art,0.6772549152374268
347,Duck,0.9228538870811462
347,Head,0.8947408199310303
347,Drawing,0.8787521123886108
347,Beak,0.8745989799499512
347,Bird,0.8645700216293335
347,Water bird,0.8407868146896362
347,Illustration,0.8396783471107483
347,Flightless bird,0.8366544842720032
347,Sketch,0.8030468821525574
347,"Ducks, geese and swans",0.7564530372619629
348,Head,0.8842743635177612
348,Illustration,0.864128828048706
348,Drawing,0.8553162813186646
348,Duck,0.8490628004074097
348,Bird,0.8172081112861633
348,Water bird,0.771203339099884
348,Sketch,0.7582741975784302
348,Flightless bird,0.7411376237869263
348,Beak,0.7406601905822754
348,Black-and-white,0.6834213137626648
349,Duck,0.9649902582168579
349,Head,0.8947408199310303
349,Water bird,0.8876261711120605
349,Drawing,0.8731912970542908
349,Bird,0.8462278246879578
349,Sketch,0.8326247334480286
349,Illustration,0.8262828588485718
349,"Ducks, geese and swans",0.8201408386230469
349,Beak,0.8064273595809937
349,Mallard,0.72770094871521
350,Drawing,0.8814151287078857
350,Bird,0.8781585097312927
350,Beak,0.8579056262969971
350,Flightless bird,0.8568771481513977
350,Illustration,0.856663167476654
350,Duck,0.7868558764457703
350,Sketch,0.7752808928489685
350,Water bird,0.7032330632209778
350,Black-and-white,0.6834213137626648
350,Art,0.655128538608551
351,Flightless bird,0.9350121021270752
351,Head,0.8984001874923706
351,Bird,0.8981608152389526
351,Drawing,0.8898040056228638
351,Duck,0.8728761672973633
351,Beak,0.8619838953018188
351,Illustration,0.8093699216842651
351,Sketch,0.7772866487503052
351,Water bird,0.7596083283424377
351,Black-and-white,0.6834213137626648
352,Drawing,0.9076038002967834
352,Illustration,0.8651214241981506
352,Sketch,0.8640356659889221
352,Beak,0.7736648917198181
352,Duck,0.7474665641784668
352,Bird,0.739904522895813
352,Line art,0.7191019654273987
352,Water bird,0.6406444311141968
352,Art,0.6253476738929749
352,Flightless bird,0.5136758685112
353,Flightless bird,0.9442843794822693
353,Duck,0.9368228912353516
353,Bird,0.9186168909072876
353,Beak,0.8926171064376831
353,Head,0.8762359619140625
353,Drawing,0.8750816583633423
353,Water bird,0.8275633454322815
353,Illustration,0.8243914246559143
353,"Ducks, geese and swans",0.7663543224334717
353,Sketch,0.7648624777793884
354,Flightless bird,0.9550039768218994
354,Bird,0.9027457237243652
354,Drawing,0.8997865319252014
354,Beak,0.8834025263786316
354,Head,0.8762359619140625
354,Illustration,0.8093699216842651
354,Sketch,0.804740846157074
354,Duck,0.7474665641784668
354,Black-and-white,0.6834213137626648
354,Water bird,0.6262991428375244
355,Flightless bird,0.9168057441711426
355,Drawing,0.874141275882721
355,Bird,0.8581704497337341
355,Duck,0.8473548293113708
355,Beak,0.8459697961807251
355,Illustration,0.8017492890357971
355,Sketch,0.7670003771781921
355,Water bird,0.7219408750534058
355,Black-and-white,0.6834213137626648
355,"Ducks, geese and swans",0.6187916398048401
356,Drawing,0.8856976628303528
356,Duck,0.8801437616348267
356,Beak,0.847931444644928
356,Illustration,0.8411677479743958
356,Bird,0.8248386979103088
356,Sketch,0.801335334777832
356,Flightless bird,0.7481446266174316
356,Black-and-white,0.7436744570732117
356,Water bird,0.7318434715270996
356,Art,0.6253476738929749
357,Flightless bird,0.9772818088531494
357,Bird,0.9299562573432922
357,Drawing,0.8848559260368347
357,Beak,0.8619838953018188
357,Duck,0.7892214059829712
357,Emu,0.7883345484733582
357,Illustration,0.7762597799301147
357,Ratite,0.7512166500091553
357,Sketch,0.7392742037773132
357,Dodo,0.7183247804641724
358,Drawing,0.8983084559440613
358,Sketch,0.8437027931213379
358,Illustration,0.8204352259635925
358,Flightless bird,0.8153805136680603
358,Beak,0.7199515104293823
358,Bird,0.703887403011322
358,Duck,0.6796881556510925
358,Art,0.6253476738929749
358,Line art,0.5936556458473206
358,Water bird,0.5157579183578491
359,Head,0.8762359619140625
359,Drawing,0.8731912970542908
359,Illustration,0.8396783471107483
359,Sketch,0.8064176440238953
359,Art,0.6946530342102051
359,Black-and-white,0.6834213137626648
359,Duck,0.6716059446334839
359,Beak,0.5981488823890686
359,Water bird,0.5707064270973206
359,Line art,0.5121908187866211
